Id_produit,Nom produit,Reference,Categorie principale,Categorie,EAN,Supplier_reference,Fournisseur,Marque,Prix,Quantite,VALEUR STOCK
30969,IBANEZ - SR505EL BROWN MAHO - Basse electrique gaucher 5 cordes,SR505EL BROWN MAHO,GUITARES & BASSES,Basses Gaucher,4549763169075.0,SR505ELBM,Hoshino,Ibanez,616.99,1,616.99
31143,IBANEZ - TS9DX TUBE SCREAMER - PÃ©dale de distorsion,TS9DX TUBE SCREAMER,GUITARES & BASSES,Effets Guitares & Basses,4515110056541.0,TS9DX,Hoshino,Ibanez,107.35,1,107.35
20540,WASHBURN - COMFORT G-MINI 55 KOA,G-MINI 55 KOA,GUITARES & BASSES,Guitare Acoustiques,801128260655.0,GWA WCGM55K,Algam - Audia,Washburn,289.51,1,289.51
26840,ALVAREZ - AD60,AD60,GUITARES & BASSES,Guitare Acoustiques,814295011906.0,657974,Adagio,Alvarez,245.87,1,245.87
60819,KEPMA GUITARS - F0 GRAND AUDITORIUM NATURAL - Guitare acoustique,F0 GD AUDIT  NAT,GUITARES & BASSES,Guitare Acoustiques,6972553671041.0,KPF0GAN,Filling Distribution,Kepma Guitar,252.56,1,252.56
38088,CORT - E70MHOP - Guitare acoustique dreadnought,E70MHOP,GUITARES & BASSES,Guitare Acoustiques,8809383836488.0,E70MHOP,Saico - Ti,Cort,197.0,1,197.0
31066,IBANEZ - PF12MHCE OPEN PORE NATURAL - Guitare acoustique,PF12MHCE OPEN PORE NAT,GUITARES & BASSES,Guitare Acoustiques,4515276967439.0,PF12MHCEOPN,Hoshino,Ibanez,183.89,1,183.89
38192,CORT - L100CNS - Guitare acoustique concert,L100CNS,GUITARES & BASSES,Guitare Acoustiques,8809292923125.0,L100CNS,Saico - Ti,Cort,177.3,1,177.3
60796,KEPMA GUITARS -  G131 DREADNOUGHT NATURAL - Guitare acoustique,G131 DN  NAT,GUITARES & BASSES,Guitare Acoustiques,6972553670907.0,KPG131DN,Filling Distribution,Kepma Guitar,151.31,1,151.31
38083,CORT - E50OP - Guitare acoustique dreadnought,E50OP,GUITARES & BASSES,Guitare Acoustiques,8809383830875.0,E50OP,Saico - Ti,Cort,138.9,1,138.9
60797,KEPMA GUITARS -  G141 GRAND AUDITORIUM NATURAL - Guitare acoustique,G141 GD AUDIT  NAT,GUITARES & BASSES,Guitare Acoustiques,6972553672024.0,KPG141GAN,Filling Distribution,Kepma Guitar,151.31,1,151.31
18722,WASHBURN - AD5,AD5,GUITARES & BASSES,Guitare Acoustiques,801128769905.0,GWA AD5,Algam - Audia,Washburn,115.47,1,115.47
38044,CORT - 510BKS - Guitare acoustique concert,510BKS,GUITARES & BASSES,Guitare Acoustiques,8809292929011.0,510BKS,Saico - Ti,Cort,109.8,1,109.8
38030,CORT - 810OP - Guitare acoustique dreadnought,810OP,GUITARES & BASSES,Guitare Acoustiques,8809383838420.0,810OP,Saico - Ti,Cort,101.7,1,101.7
9953,CUENCA - 40-R REQUINTO,40-R REQUINTO,GUITARES & BASSES,Guitares Classiques,146192612536.0,GCU 40-RREQUINTO,Algam - Gaffarel,Cuenca,386.53,2,773.06
46376,MARTINEZ GUITARS - MAR179 - Guitare classique Ã©lectro Crossover MP14-MH RN + Housse,MAR179,GUITARES & BASSES,Guitares Classiques,6973106760489.0,MAR179,DIM France Audio,Martinez Guitars,305.0,2,610.0
26891,JOSE TORRES - JTC-40,JTC-40,GUITARES & BASSES,Guitares Classiques,8435017324986.0,31843,Adagio,JosÃ© Torres,520.08,1,520.08
30996,IBANEZ - BTB747 NATURAL LOW GLOSS - Basse Ã©lectrique,BTB747 NATURAL LOW GL,Basses Electriques,Basses Electriques 7 Cordes et Plus,4549763023612.0,BTB747NTL,Hoshino,Ibanez,723.6,1,723.6
26884,JOSE TORRES - JTF-50,JTF-50,GUITARES & BASSES,Guitares Classiques,8435017325068.0,31851,Adagio,JosÃ© Torres,517.77,1,517.77
46336,MARTINEZ GUITARS - MAR028 - Guitare classique espagnole serie Performer MS-14R Pre RN + Housse,MAR028,GUITARES & BASSES,Guitares Classiques,6973106760588.0,MAR028,DIM France Audio,Martinez Guitars,421.67,1,421.67
9942,CUENCA - 30-F,30-F,GUITARES & BASSES,Guitares Classiques,140489501947.0,GCU 30-F,Algam - Gaffarel,Cuenca,378.5,1,378.5
33387,MARCUS MILLER - V7 VINTAGE S.ASH-4 LH BMR MN,V7 VINTAGE S.ASH-4 LH BMR MN,Basses Electriques,Basses Electriques 4 Cordes,810046131404.0,MM084,IMS Distribution,Marcus Miller,655.63,1,655.63
26895,JOSE TORRES - JTC-5S,JTC-5S,GUITARES & BASSES,Guitares Classiques,8435017324948.0,31839,Adagio,JosÃ© Torres,161.41,2,322.82
26890,JOSE TORRES - JTF-30,JTF-30,GUITARES & BASSES,Guitares Classiques,8435017324993.0,31844,Adagio,JosÃ© Torres,317.6,1,317.6
38051,CORT - CEC5NAT - Guitare classique 4/4,CEC5NAT,GUITARES & BASSES,Guitares Classiques,8809292923156.0,CEC5NAT,Saico - Ti,Cort,250.94,1,250.94
46344,MARTINEZ GUITARS - MAR062 - Guitare classique espagnole serie Standard MC-58S RN,MAR062,GUITARES & BASSES,Guitares Classiques,6973106760175.0,MAR062,DIM France Audio,Martinez Guitars,182.78,1,182.78
33626,MARCUS MILLER - P8 SWAMP ASH-4 NT MN + HOUSSE,P8 SWAMP ASH-4 NT MN + BAG,Basses Electriques,Basses Electriques 4 Cordes,810046134153.0,MM394,IMS Distribution,Marcus Miller,561.88,1,561.88
26894,JOSE TORRES - JTC-10,JTC-10,GUITARES & BASSES,Guitares Classiques,8435017324955.0,31840,Adagio,JosÃ© Torres,182.23,1,182.23
16105,LÃG - TRAMONTANE 70 DREADNOUGHT BROWN BURST,T70D-BRB,GUITARES & BASSES,Guitares Classiques,3700166312289.0,GLA T70D-BRB,Algam - Camac,LÃ¢g,181.5,1,181.5
14143,TANGLEWOOD - TWU D,TWU D,GUITARES & BASSES,Guitares Classiques,819907020185.0,TG057,DIM France Audio,Tanglewood,175.91,1,175.91
26526,IBANEZ - SR505EL BROWN MAHO - Basse electrique gaucher 5 cordes,SR505EL BROWN MAHO,GUITARES & BASSES,Basses Gaucher,5406171612992.0,SR505ELBM,Hoshino,Tanglewood,87.66,2,175.32
26104,IBANEZ - TS9DX TUBE SCREAMER - PÃ©dale de distorsion,TS9DX TUBE SCREAMER,GUITARES & BASSES,Effets Guitares & Basses,5402609757544.0,TS9DX,Hoshino,Ibanez,482.2,1,482.2
25683,WASHBURN - COMFORT G-MINI 55 KOA,G-MINI 55 KOA,GUITARES & BASSES,Guitare Acoustiques,5399047902097.0,GWA WCGM55K,Algam - Audia,JosÃ© Torres,164.88,1,164.88
25261,ALVAREZ - AD61,AD61,GUITARES & BASSES,Guitare Acoustiques,5395486046649.0,657974,Adagio,Santos y Mayor,108.6,1,108.6
24839,KEPMA GUITARS - F0 GRAND AUDITORIUM NATURAL - Guitare acoustique,F0 GD AUDIT  NAT,GUITARES & BASSES,Guitare Acoustiques,5391924191201.0,KPF0GAN,Filling Distribution,G&L,443.8,1,443.8
24418,CORT - E70MHOP - Guitare acoustique dreadnought,E70MHOP,GUITARES & BASSES,Guitare Acoustiques,5388362335754.0,E70MHOP,Saico - Ti,PRS,2014.46,1,2014.46
23996,IBANEZ - PF12MHCE OPEN PORE NATURAL - Guitare acoustique,PF12MHCE OPEN PORE NAT,GUITARES & BASSES,Guitare Acoustiques,5384800480306.0,PF12MHCEOPN,Hoshino,PRS,1580.58,1,1580.58
23574,CORT - L100CNS - Guitare acoustique concert,L100CNS,GUITARES & BASSES,Guitare Acoustiques,5381238624858.0,L100CNS,Saico - Ti,Schecter,724.38,2,1448.76
23153,KEPMA GUITARS -  G131 DREADNOUGHT NATURAL - Guitare acoustique,G131 DN  NAT,GUITARES & BASSES,Guitare Acoustiques,5377676769411.0,KPG131DN,Filling Distribution,Schecter,1436.81,1,1436.81
22731,CORT - E50OP - Guitare acoustique dreadnought,E50OP,GUITARES & BASSES,Guitare Acoustiques,5374114913963.0,E50OP,Saico - Ti,G&L,417.17,1,417.17
22309,KEPMA GUITARS -  G141 GRAND AUDITORIUM NATURAL - Guitare acoustique,G141 GD AUDIT  NAT,GUITARES & BASSES,Guitare Acoustiques,5370553058516.0,KPG141GAN,Filling Distribution,PRS,1422.51,1,1422.51
21888,WASHBURN - AD6,AD6,GUITARES & BASSES,Guitare Acoustiques,5366991203068.0,GWA AD6,Algam - Audia,Schecter,1118.13,1,1118.13
21466,IBANEZ - SR505EL BROWN MAHO - Basse electrique gaucher 5 cordes,SR505EL BROWN MAHO,GUITARES & BASSES,Basses Gaucher,5363429347620.0,SR505ELBM,Hoshino,D'Angelico,999.38,1,999.38
21045,IBANEZ - TS9DX TUBE SCREAMER - PÃ©dale de distorsion,TS9DX TUBE SCREAMER,GUITARES & BASSES,Effets Guitares & Basses,5359867492173.0,TS9DX,Hoshino,Schecter,940.62,1,940.62
20623,WASHBURN - COMFORT G-MINI 55 KOA,G-MINI 55 KOA,GUITARES & BASSES,Guitare Acoustiques,5356305636725.0,GWA WCGM55K,Algam - Audia,Schecter,853.13,1,853.13
20201,ALVAREZ - AD61,AD61,GUITARES & BASSES,Guitare Acoustiques,5352743781278.0,657974,Adagio,Schecter,853.13,1,853.13
19780,KEPMA GUITARS - F0 GRAND AUDITORIUM NATURAL - Guitare acoustique,F0 GD AUDIT  NAT,GUITARES & BASSES,Guitare Acoustiques,5349181925830.0,KPF0GAN,Filling Distribution,PRS,702.89,1,702.89
19358,CORT - E70MHOP - Guitare acoustique dreadnought,E70MHOP,GUITARES & BASSES,Guitare Acoustiques,5345620070382.0,E70MHOP,Saico - Ti,PRS,691.32,1,691.32
18936,IBANEZ - PF12MHCE OPEN PORE NATURAL - Guitare acoustique,PF12MHCE OPEN PORE NAT,GUITARES & BASSES,Guitare Acoustiques,5342058214935.0,PF12MHCEOPN,Hoshino,PRS,679.75,1,679.75
18515,CORT - L100CNS - Guitare acoustique concert,L100CNS,GUITARES & BASSES,Guitare Acoustiques,5338496359487.0,L100CNS,Saico - Ti,Schecter,586.87,1,586.87
18093,KEPMA GUITARS -  G131 DREADNOUGHT NATURAL - Guitare acoustique,G131 DN  NAT,GUITARES & BASSES,Guitare Acoustiques,5334934504039.0,KPG131DN,Filling Distribution,Marcus Miller,349.38,1,349.38
17671,CORT - E50OP - Guitare acoustique dreadnought,E50OP,GUITARES & BASSES,Guitare Acoustiques,5331372648592.0,E50OP,Saico - Ti,Danelectro,433.88,1,433.88
17250,KEPMA GUITARS -  G141 GRAND AUDITORIUM NATURAL - Guitare acoustique,G141 GD AUDIT  NAT,GUITARES & BASSES,Guitare Acoustiques,5327810793144.0,KPG141GAN,Filling Distribution,Hagstrom,417.69,1,417.69
16828,WASHBURN - AD6,AD6,GUITARES & BASSES,Guitare Acoustiques,5324248937697.0,GWA AD6,Algam - Audia,Marcus Miller,332.67,1,332.67
16406,CORT - 510BKS - Guitare acoustique concert,510BKS,GUITARES & BASSES,Guitare Acoustiques,5320687082249.0,510BKS,Saico - Ti,Schecter,405.62,1,405.62
15985,CORT - 810OP - Guitare acoustique dreadnought,810OP,GUITARES & BASSES,Guitare Acoustiques,5317125226801.0,810OP,Saico - Ti,Marcus Miller,330.63,1,330.63
15563,CUENCA - 40-R REQUINTO,40-R REQUINTO,GUITARES & BASSES,Guitares Classiques,5313563371354.0,GCU 40-RREQUINTO,Algam - Gaffarel,Danelectro,402.89,1,402.89
15141,MARTINEZ GUITARS - MAR179 - Guitare classique Ã©lectro Crossover MP14-MH RN + Housse,MAR180,GUITARES & BASSES,Guitares Classiques,5310001515906.0,MAR180,DIM France Audio,Larry Carlton,393.13,1,393.13
14720,JOSE TORRES - JTC-41,JTC-41,GUITARES & BASSES,Guitares Classiques,5306439660459.0,31843,Adagio,Schecter,355.62,1,355.62
14298,IBANEZ - BTB747 NATURAL LOW GLOSS - Basse Ã©lectrique,BTB747 NATURAL LOW GL,Basses Electriques,Basses Electriques 7 Cordes et Plus,5302877805011.0,BTB747NTL,Hoshino,MOOER,355.08,1,355.08
13877,JOSE TORRES - JTF-51,JTF-51,GUITARES & BASSES,Guitares Classiques,5299315949563.0,31851,Adagio,LTD,346.5,1,346.5
13455,MARTINEZ GUITARS - MAR028 - Guitare classique espagnole serie Performer MS-14R Pre RN + Housse,MAR029,GUITARES & BASSES,Guitares Classiques,5295754094116.0,MAR029,DIM France Audio,MOOER,335.0,1,335.0
13033,CUENCA - 30-F,30-F,GUITARES & BASSES,Guitares Classiques,5292192238668.0,GCU 30-F,Algam - Gaffarel,Ibanez,176.79,1,176.79
12612,MARCUS MILLER - V7 VINTAGE S.ASH-4 LH BMR MN,V7 VINTAGE S.ASH-4 LH BMR MN,Basses Electriques,Basses Electriques 4 Cordes,5288630383220.0,MM085,IMS Distribution,Cort,148.62,1,148.62
12190,JOSE TORRES - JTC-5S,JTC-5S,GUITARES & BASSES,Guitares Classiques,5285068527773.0,31849,Adagio,Godin,1382.0,1,1382.0
11768,JOSE TORRES - JTF-31,JTF-31,GUITARES & BASSES,Guitares Classiques,5281506672325.0,31854,Adagio,LTD,987.66,1,987.66
11347,CORT - CEC5NAT - Guitare classique 4/5,CEC5NAT,GUITARES & BASSES,Guitares Classiques,5277944816878.0,CEC5NAT,Saico - Ti,Ibanez,904.72,1,904.72
10925,MARTINEZ GUITARS - MAR062 - Guitare classique espagnole serie Standard MC-58S RN,MAR063,GUITARES & BASSES,Guitares Classiques,5274382961430.0,MAR063,DIM France Audio,Ibanez,815.79,1,815.79
10503,MARCUS MILLER - P8 SWAMP ASH-4 NT MN + HOUSSE,P8 SWAMP ASH-4 NT MN + BAG,Basses Electriques,Basses Electriques 4 Cordes,5270821105982.0,MM395,IMS Distribution,LAVA MUSIC,749.38,1,749.38
10082,JOSE TORRES - JTC-11,JTC-11,GUITARES & BASSES,Guitares Classiques,5267259250535.0,31840,Adagio,LAVA MUSIC,749.38,1,749.38
32092,SCHECTER - GR C-4  MIDNIGHT SATIN BLACK,C-4SGR-MSBK,Basses Electriques,Basses Electriques 4 Cordes,81544702414.0,SCH-C-4SGR-MSBK,HTD - High Tech Distribution,Schecter,243.75,1,243.75
53678,ALVAREZ - MFA77CEARSHB - Guitare folk Ã©lectro-acoustique Masterworks Elite,MFA77CEARSHB,GUITARES & BASSES,Guitares Electro-Acoustiques,812309028124.0,658041,Adagio,Alvarez,650.83,1,650.83
34567,TANGLEWOOD - SUNDANCE TW40DANE LN + ETUI - Guitare Electro Acoustique,SUNDANCE TW40DANE LN + ETUI,GUITARES & BASSES,Guitares Electro-Acoustiques,810944014908.0,TG015,DIM France Audio,Tanglewood,528.99,1,528.99
31032,IBANEZ - IJSR190U JUMPSTART BASS SET - Basse Ã©lectrique + Accessoires,IJSR190U JMPSTRT B SET,Basses Electriques,Basses Electriques 4 Cordes,4515110826632.0,IJSR190BK,Hoshino,Ibanez,228.73,1,228.73
30165,IBANEZ - GSR200B WEATHERED BLACK - Basse Ã©lectrique,GSR200B WEATHERED BLACK,Basses Electriques,Basses Electriques 4 Cordes,4515276694502.0,GSR200BWK,Hoshino,Ibanez,212.29,1,212.29
31011,IBANEZ - GSR280QA GIO TRANSPARENT BLACK SUNBURST - Basse Ã©lectrique,GSR280QA GIO TRAN BLK SB,Basses Electriques,Basses Electriques 4 Cordes,4549763313522.0,GSR280QATKS,Hoshino,Ibanez,212.29,1,212.29
60829,KEPMA GUITARS - F1E OM WALNUT - Guitare Ã©lectro-acoustique,F1E OM WAL,GUITARES & BASSES,Guitares Electro-Acoustiques,6972553671270.0,KPF1EOMW,Filling Distribution,Kepma Guitar,505.69,1,505.69
53645,ALVAREZ - AFA95CESHB - Guitare Ã©lectro-acoustique,AFA95CESHB,GUITARES & BASSES,Guitares Electro-Acoustiques,812309027455.0,643347,Adagio,Alvarez,471.49,1,471.49
26818,ALVAREZ - AGFM80CEAR,AGFM80CEAR,GUITARES & BASSES,Guitares Electro-Acoustiques,812309027400.0,658012,Adagio,Alvarez,468.6,1,468.6
38056,CORT - CJRETRO-VSM - Guitare electro-acoustique jumbo,CJRETRO-VSM,GUITARES & BASSES,Guitares Electro-Acoustiques,8809383831698.0,CJRETRO-VSM,Saico - Ti,Cort,214.31,2,428.62
31086,IBANEZ - AEWC400 TRSPRNT BLK SUNBURST HI GLOSS - Guitare Ã©lectro-acoustique,AEWC400 TRSPRNT BLK SB,GUITARES & BASSES,Guitares Electro-Acoustiques,4549763064790.0,AEWC400TKS,Hoshino,Ibanez,372.22,1,372.22
26835,ALVAREZ - AD60-12CE,AD60-12CE,GUITARES & BASSES,Guitares Electro-Acoustiques,814295012903.0,657980,Adagio,Alvarez,361.57,1,361.57
26823,ALVAREZ - AP66ESHB,AP66ESHB,GUITARES & BASSES,Guitares Electro-Acoustiques,812309021866.0,658002,Adagio,Alvarez,355.79,1,355.79
34585,TANGLEWOOD - WINTERLEAF TW4EVCKOA CN - Guitare Electro Acoustique,WINTERLEAF TW4EVCKOA CN,GUITARES & BASSES,Guitares Electro-Acoustiques,819907020727.0,TG036,DIM France Audio,Tanglewood,352.41,1,352.41
28660,MICHAEL KELLY - TRIAD 10 E NATURAL,TRIAD 10 E NATURAL,GUITARES & BASSES,Guitares Electro-Acoustiques,,5410012M61009,Mogar,Michael Kelly,324.32,1,324.32
28649,MICHAEL KELLY - FORTE EXOTIC ZIRICOTE,FORTE EXOTIC ZIRICOTE,GUITARES & BASSES,Guitares Electro-Acoustiques,809164025542.0,5410012M61004,Mogar,Michael Kelly,297.95,1,297.95
28668,MICHAEL KELLY - FORTE PORT NATURAL,FORTE PORT NATURAL,GUITARES & BASSES,Guitares Electro-Acoustiques,809164022039.0,5410012M61003,Mogar,Michael Kelly,287.96,1,287.96
34688,TANGLEWOOD - WINTERLEAF TW5EAVB CN - Guitare Electro Acoustique,WINTERLEAF TW5EAVB CN,GUITARES & BASSES,Guitares Electro-Acoustiques,819907021717.0,TG210,DIM France Audio,Tanglewood,275.93,1,275.93
34581,TANGLEWOOD - EVOLUTION TW28CEXOV CN - Guitare Electro Acoustique,EVOLUTION TW28CEXOV CN,GUITARES & BASSES,Guitares Electro-Acoustiques,810944019019.0,TG032,DIM France Audio,Tanglewood,260.56,1,260.56
26843,ALVAREZ - LJ2,LJ2,GUITARES & BASSES,Guitares Electro-Acoustiques,812309023730.0,657971,Adagio,Alvarez,245.87,1,245.87
31098,IBANEZ - AEG7MH OPEN PORE NATURAL - Guitare folk Ã©lectro-acoustique,AEG7MH OPEN PORE NAT,GUITARES & BASSES,Guitares Electro-Acoustiques,4549763230775.0,AEG7MHOPN,Hoshino,Ibanez,212.29,1,212.29
34614,TANGLEWOOD - ROADSTER TWR2DCE CN - Guitare Electro Acoustique,ROADSTER TWR2DCE CN (NT),GUITARES & BASSES,Guitares Electro-Acoustiques,819907020529.0,TG073,DIM France Audio,Tanglewood,193.56,1,193.56
31070,IBANEZ - PC12MHLCE OPEN PORE NATURAL - Guitare Ã©lectro-acoustique gaucher,PC12MHLCE OPEN PORE N,GUITARES & BASSES,Guitares Electro-Acoustiques,4549763288943.0,PC12MHLCEOPN,Hoshino,Ibanez,190.99,1,190.99
60838,KEPMA GUITARS -  ES36E K10 MINI OM NATURAL - Guitare Ã©lectro-acoustique,ES36E K10 MINI OM  NAT,GUITARES & BASSES,Guitares Electro-Acoustiques,6972553670808.0,KPESE10N,Filling Distribution,Kepma Guitar,190.69,1,190.69
60803,KEPMA GUITARS -  K10 GRAND AUDITORIUM BLACK - Guitare Ã©lectro-acoustique,K10 GD AUDIT BK,GUITARES & BASSES,Guitares Electro-Acoustiques,6972553670419.0,KPEAE10BK,Filling Distribution,Kepma Guitar,168.19,1,168.19
60804,KEPMA GUITARS - K10 GRAND AUDITORIUM BLUE - Guitare Ã©lectro-acoustique,K10 GD AUDIT BLUE,GUITARES & BASSES,Guitares Electro-Acoustiques,6972553670440.0,KPEAE10BL,Filling Distribution,Kepma Guitar,168.19,1,168.19
30197,IBANEZ - EWP12EWB OPEN PORE NATURAL - Guitare piccolo Ã©lectro-acoustique,EWP12EWB OPEN PORE NAT,GUITARES & BASSES,Guitares Electro-Acoustiques,4549763336552.0,EWP12EWBOPN,Hoshino,Ibanez,159.22,1,159.22
60805,KEPMA GUITARS - K10 GRAND AUDITORIUM NATURAL - Guitare Ã©lectro-acoustique,K10 GD AUDIT  NAT,GUITARES & BASSES,Guitares Electro-Acoustiques,6972553670402.0,KPEAE10N,Filling Distribution,Kepma Guitar,168.19,1,168.19
28625,EKO - NXT N100CW NAT,NXT N100CW NAT,GUITARES & BASSES,Guitares Electro-Acoustiques,8056734596465.0,GEA NXT-N100CWE-NAT,Algam - Audia,Eko,122.84,1,122.84
31207,IBANEZ - ISHB724 - Housse guitare Ã©lectrique,ISHB724,GUITARES & BASSES,Housses & Etuis Guitares & Basses,4549763308641.0,ISHB724-BK,Hoshino,Ibanez,88.75,2,177.5
18813,MONO - Classic - M80 AC BLK,M80 AC BLK,GUITARES & BASSES,Housses & Etuis Guitares & Basses,649241887751.0,HMO M80-AC-BLK,Algam - Audia,Mono,169.29,1,169.29
48418,SADOWSKY - BAG-BASS-PORTA - Housse pour basse Ã©lectrique,BAG-BASS-PORTA,GUITARES & BASSES,Housses & Etuis Guitares & Basses,4061688034493.0,SAD-BAG-BASS-PORTA,HTD - High Tech Distribution,Sadowsky,90.21,1,90.21
16055,LÃG - 70D-A,70D-A,GUITARES & BASSES,Housses & Etuis Guitares & Basses,3700166343917.0,HLG 70D-A,Algam - Camac,LÃ¢g,67.9,1,67.9
33584,MARCUS MILLER - HOUSSE POUR BASSE SÃRIE M,BAG POUR BASSE SÃRIE M,GUITARES & BASSES,Housses & Etuis Guitares & Basses,855159008472.0,MM344,IMS Distribution,Marcus Miller,53.13,1,53.13
31231,IBANEZ - ICB540 - Housse pour guitare classique 4/4,ICB540,GUITARES & BASSES,Housses & Etuis Guitares & Basses,4549763061676.0,ICB540-BK,Hoshino,Ibanez,46.15,1,46.15
31222,IBANEZ - IAB541 BLACK - Housse guitare folk,IAB541 BLACK,GUITARES & BASSES,Housses & Etuis Guitares & Basses,4515276900290.0,IAB541-BK,Hoshino,Ibanez,44.73,1,44.73
31228,IBANEZ - ICB541-WR,ICB541-WR,GUITARES & BASSES,Housses & Etuis Guitares & Basses,4515276966692.0,ICB541-WR,Hoshino,Ibanez,44.73,1,44.73
31246,IBANEZ - IGB101 BIG BAG - Housse guitare electrique,IGB101 BIG BAG,GUITARES & BASSES,Housses & Etuis Guitares & Basses,4515110730045.0,IGB101,Hoshino,Ibanez,14.13,2,28.26
15910,TOBAGO - GB35C - Housse guitare classique,GB35C,GUITARES & BASSES,Housses & Etuis Guitares & Basses,3700166340916.0,HTO GB35C,Algam - Camac,Tobago,25.0,1,25.0
38255,CORT - CGB38 - Housses guitares acoustiques,CGB38,GUITARES & BASSES,Housses & Etuis Guitares & Basses,,CGB38,Saico - Ti,Cort,23.02,1,23.02
15899,TOBAGO - GB20C2 - Housse guitare classique 1/2,GB20C2,GUITARES & BASSES,Housses & Etuis Guitares & Basses,3700166310537.0,HTO GB20C2,Algam - Camac,Tobago,14.2,1,14.2
31245,IBANEZ - IUBT301 BLACK - Etui noir ukulÃ©lÃ© tenor,IUBT301 BLACK,GUITARES & BASSES,Housses & Etuis pour UkulÃ©lÃ©s,4515276871989.0,IUBT301-BK,Hoshino,Ibanez,13.49,2,26.98
31240,IBANEZ - IUBT541 BLACK - Housse ukulÃ©lÃ©,IUBT541 BLACK,GUITARES & BASSES,Housses & Etuis pour UkulÃ©lÃ©s,4515276966746.0,IUBT541-BK,Hoshino,Ibanez,21.23,1,21.23
37884,KEIKI - KUB-EM-CC - Housse ukulele concert el muerto,KUB-EM-CC,GUITARES & BASSES,Housses & Etuis pour UkulÃ©lÃ©s,840553029178.0,KUB-EM-CC,Saico - Ti,Keiki,18.43,1,18.43
31235,IBANEZ - IUBS541-NB POWERPAD - Housse pour ukulÃ©lÃ© soprano,IUBS541-NB POWERPAD,GUITARES & BASSES,Housses & Etuis pour UkulÃ©lÃ©s,4515276983903.0,IUBS541-NB,Hoshino,Ibanez,17.75,1,17.75
24196,OQAN - AGB01-US UKELELE SOPRANO,AGB01-US UKELELE SOPRANO,GUITARES & BASSES,Housses & Etuis pour UkulÃ©lÃ©s,8435017322524.0,30160,Adagio,OQAN,6.83,1,6.83
23471,MARKBASS - MARKWORLD AMP BAG SMALL,MARKWORLD AMP BAG SMALL,GUITARES & BASSES,Housses & Flight Cases pour Ampli & Effets,8033829132326.0,"4,59239E+12",Mogar,Markbass,58.11,1,58.11
53545,BOSS - KATANA GO BAG - Sacoche dÃ©diÃ©e au KATANA:GO,KATANA GO BAG,GUITARES & BASSES,Housses & Flight Cases pour Ampli & Effets,4957054522254.0,CB-KTNGO,Roland,Boss,12.5,4,50.0
33786,ACUS - HOUSSE POUR ONEFORSTREET8,BAG POUR ONEFORSTREET8,GUITARES & BASSES,Housses & Flight Cases pour Ampli & Effets,600316155663.0,AC103,IMS Distribution,Acus,47.07,1,47.07
33785,ACUS - HOUSSE POUR ONEFORSTREET5,BAG POUR ONEFORSTREET5,GUITARES & BASSES,Housses & Flight Cases pour Ampli & Effets,600316155656.0,AC102,IMS Distribution,Acus,44.13,1,44.13
19862,BOSS - CB-GT100 Sacoche,CB-GT100,GUITARES & BASSES,Housses & Flight Cases pour Ampli & Effets,4957054222079.0,CB-GT100,Roland,Boss,37.0,1,37.0
52081,HOTONE - PGB 1 PULZE GIG BAG,PGB 1 PULZE GIG BAG,GUITARES & BASSES,Housses & Flight Cases pour Ampli & Effets,6959473950203.0,HO-0055,WOOD4MUSIC,Hotone,35.11,1,35.11
19431,ZT AMPLIFIERS - ACJCB,ACJCB,GUITARES & BASSES,Housses & Flight Cases pour Ampli & Effets,91037302380.0,ZTACJCB,Hal Leonard,ZT Amplifiers,31.08,1,31.08
27953,MOOER - SC300,SC300,GUITARES & BASSES,Housses & Flight Cases pour Ampli & Effets,6971889220305.0,MOOER-SC300,Saico - Musico,MOOER,25.52,1,25.52
17008,FISHMAN - LOUDBOX ARTIST COVER,LBX ARTIST COVER,GUITARES & BASSES,Housses & Flight Cases pour Ampli & Effets,605609106896.0,MFI ACC-LBX-SC1,Algam - Gaffarel,Fishman,23.7,1,23.7
27954,MOOER - MOOER-SC200,MOOER-SC200,GUITARES & BASSES,Housses & Flight Cases pour Ampli & Effets,6943206792611.0,MOOER-SC200,Saico - Musico,MOOER,16.8,1,16.8
38619,ORTEGA - RMFE30-WB - Mandoline americana style f electro acoustique,RMFE30-WB,GUITARES & BASSES,Mandolines,842960184174.0,RMFE30-WB,Saico - Ti,Ortega,251.52,1,251.52
38755,"ORTEGA - HYDRA-BSTE - Ukulele tenor, double manche, nat",HYDRA-BSTE,GUITARES & BASSES,UkulÃ©lÃ©s,842960181272.0,HYDRA-BSTE,Saico - Ti,Ortega,331.22,1,331.22
53451,FLIGHT - FIRTEQA - UkulÃ©lÃ© Ã©lectro tÃ©nor Fireball All Solid Mango,FIRTEQA,GUITARES & BASSES,UkulÃ©lÃ©s,,ALMFIRTEQA,Hal Leonard,Flight,322.12,1,322.12
25589,KALA - U-BASS - WANDERER,U-BASS - WANDERER,GUITARES & BASSES,UkulÃ©lÃ©s,814017023798.0,KAL-UBASS-WNDR-FS,HTD - High Tech Distribution,KALA,252.83,1,252.83
19041,FLIGHT - NUP310,NUP310,GUITARES & BASSES,UkulÃ©lÃ©s,3831120901598.0,ALMNUP310,Hal Leonard,Flight,58.82,4,235.28
19378,FLIGHT - GUT350,GUT350,GUITARES & BASSES,UkulÃ©lÃ©s,3830054908536.0,ALMGUT350,Hal Leonard,Flight,105.04,2,210.08
28162,KALA - EXOTIC MAHOGANY CONCERT BLUE,EXOTIC MAHOGANY CONCERT BLUE,GUITARES & BASSES,UkulÃ©lÃ©s,810054340515.0,KAL-KA-CEMB,HTD - High Tech Distribution,KALA,102.21,2,204.42
19306,FLIGHT - DUS430 DAO,DUS430 DAO,GUITARES & BASSES,UkulÃ©lÃ©s,3831120902007.0,ALMDUS430,Hal Leonard,Flight,96.64,2,193.28
19318,FLIGHT - DUC460EQ AMARA,DUC460EQ AMARA,GUITARES & BASSES,UkulÃ©lÃ©s,3831120900003.0,DUC460EQ,Hal Leonard,Flight,175.63,1,175.63
28164,KALA - KA-SMH-T SOLID MAHOGANY,KA-SMH-T SOLID MAHOGANY,GUITARES & BASSES,UkulÃ©lÃ©s,810054343547.0,KAL-KA-SMH-T,HTD - High Tech Distribution,KALA,174.23,1,174.23
25588,KALA - U-BASS NOMAD,U-BASS NOMAD,GUITARES & BASSES,UkulÃ©lÃ©s,814017025815.0,KAL-UBASS-NOMAD-FS,HTD - High Tech Distribution,KALA,173.53,1,173.53
19313,FLIGHT - DUS450 MANGO,DUS450 MANGO,GUITARES & BASSES,UkulÃ©lÃ©s,3830054908703.0,ALMDUS450,Hal Leonard,Flight,163.87,1,163.87
19302,FLIGHT - DUC523CEQ MAHOGANY,DUC523CEQ MAHOGANY,GUITARES & BASSES,UkulÃ©lÃ©s,3830054905122.0,ALMDUC523CEQ,Hal Leonard,Flight,155.46,1,155.46
19319,FLIGHT - DUC460 AMARA,DUC460 AMARA,GUITARES & BASSES,UkulÃ©lÃ©s,3830054908512.0,ALMDUC460,Hal Leonard,Flight,147.06,1,147.06
19316,FLIGHT - DUS460 AMARA,DUS460 AMARA,GUITARES & BASSES,UkulÃ©lÃ©s,3830054908505.0,ALMDUS460,Hal Leonard,Flight,138.66,1,138.66
19307,FLIGHT - DUC410 QUILTED ASH,DUC410 QUILTED ASH,GUITARES & BASSES,UkulÃ©lÃ©s,3831120900218.0,ALMDUC410,Hal Leonard,Flight,130.25,1,130.25
19310,FLIGHT - DUS440 ACACIA,DUS440 ACACIA,GUITARES & BASSES,UkulÃ©lÃ©s,3830054908499.0,ALMDUS440,Hal Leonard,Flight,130.25,1,130.25
53684,ALVAREZ - AU90C - UkulÃ©lÃ© Artist series,AU90C,GUITARES & BASSES,UkulÃ©lÃ©s,812309025734.0,658077,Adagio,Alvarez,124.38,1,124.38
19060,FLIGHT - DUC380 CORAL CEQ,DUC380 CORAL CEQ,GUITARES & BASSES,UkulÃ©lÃ©s,3831120903035.0,ALMDUC380CCEQ,Hal Leonard,Flight,116.81,1,116.81
19299,FLIGHT - DUC323CEQ MAHOGANY,DUC323CEQ MAHOGANY,GUITARES & BASSES,UkulÃ©lÃ©s,3830054906334.0,ALMDUC323CEQ,Hal Leonard,Flight,116.81,1,116.81
53683,ALVAREZ - AU90S - UkulÃ©lÃ© artist series,AU90S,GUITARES & BASSES,UkulÃ©lÃ©s,812309021057.0,658075,Adagio,Alvarez,115.12,1,115.12
19311,FLIGHT - DUC430 DAO,DUC430 DAO,GUITARES & BASSES,UkulÃ©lÃ©s,3831120902014.0,ALMDUC430,Hal Leonard,Flight,105.04,1,105.04
28165,KALA - KA-SPRK-RED RITZY RED SPARKLE CONERT,KA-SPRK-RED,GUITARES & BASSES,UkulÃ©lÃ©s,814017026218.0,KAL-KA-SPRK-RED,HTD - High Tech Distribution,KALA,102.94,1,102.94
28166,KALA - KA-SPRK-BLK BLACK SPARKLE,KA-SPRK-BLK BLACK SPARKLE,GUITARES & BASSES,UkulÃ©lÃ©s,814017028786.0,KAL-KA-SPRK-BLK,HTD - High Tech Distribution,KALA,102.94,1,102.94
25586,KALA - KA-PWS PACIFIC WALNUT,KA-PWS PACIFIC WALNUT,GUITARES & BASSES,UkulÃ©lÃ©s,810054341048.0,KAL-KA-PWS,HTD - High Tech Distribution,KALA,94.85,1,94.85
19026,FLIGHT - TUS25 TRAVEL BUS,TUS25 TRAVEL BUS,GUITARES & BASSES,UkulÃ©lÃ©s,3831120902632.0,ALMTUS25BUS,Hal Leonard,Flight,46.21,2,92.42
19036,FLIGHT - TUSL35 DARK BLUE,TUSL35 DARK BLUE,GUITARES & BASSES,UkulÃ©lÃ©s,3831120904308.0,ALMTUSL35DB,Hal Leonard,Flight,46.21,2,92.42
19052,FLIGHT - DUC380 TOPAZ,DUC380 TOPAZ,GUITARES & BASSES,UkulÃ©lÃ©s,3831120903011.0,ALMDUC380T,Hal Leonard,Flight,88.24,1,88.24
19055,FLIGHT - DUC380 AMBER,DUC380 AMBER,GUITARES & BASSES,UkulÃ©lÃ©s,3831120903028.0,ALMDUC380A,Hal Leonard,Flight,88.24,1,88.24
25585,KALA - KA-SLNG GLOSS MAHOGANY,KA-SLNG GLOSS MAHOGANY,GUITARES & BASSES,UkulÃ©lÃ©s,812040010006.0,KAL-KA-SLNG,HTD - High Tech Distribution,KALA,87.5,1,87.5
28163,KALA - EXOTIC MAHOGANY SOPRANO BLUE,EXOTIC MAHOGANY SOPRANO BLUE,GUITARES & BASSES,UkulÃ©lÃ©s,810054341512.0,KAL-KA-SEMB,HTD - High Tech Distribution,KALA,87.5,1,87.5
28172,KALA - KA-SEM EXOTIC MAHOGANY,KA-SEM EXOTIC MAHOGANY,GUITARES & BASSES,UkulÃ©lÃ©s,810054341505.0,KAL-KA-SEM,HTD - High Tech Distribution,KALA,87.5,1,87.5
25621,KALA - KA MANDY-C HARVEY CONCERT,KA MANDY-C HARVEY CONCERT,GUITARES & BASSES,UkulÃ©lÃ©s,814017027840.0,KAL-KA-MANDY-C,HTD - High Tech Distribution,KALA,87.29,1,87.29
19291,FLIGHT - DUS321 MAHOGANY,DUS321 MAHOGANY,GUITARES & BASSES,UkulÃ©lÃ©s,3830054906310.0,ALMDUS321,Hal Leonard,Flight,84.03,1,84.03
25591,KALA - KA-SURF SURF'S UP,KA-SURF SURF'S UP,GUITARES & BASSES,UkulÃ©lÃ©s,814017025914.0,KAL-KA-SURF-SURFSUP,HTD - High Tech Distribution,KALA,81.31,1,81.31
38681,"ORTEGA - RU5BA - Ukulele baryton, epicea",RU5BA,GUITARES & BASSES,UkulÃ©lÃ©s,840553023121.0,RU5BA,Saico - Ti,Ortega,72.61,1,72.61
42404,FLIGHT - TUC TRAVEL CONCERT UKULELE - U CAN UKE,TUC TVL CRT UKU U CAN UKE,GUITARES & BASSES,UkulÃ©lÃ©s,3831120907415.0,ALMTUCUCU,Hal Leonard,Flight,67.22,1,67.22
19044,FLIGHT - NUS310BB BLACKBIRD,NUS310BB BLACKBIRD,GUITARES & BASSES,UkulÃ©lÃ©s,3831120902045.0,ALMNUS310BB,Hal Leonard,Flight,65.13,1,65.13
19049,FLIGHT - NUS380 CORAL,NUS380 CORAL,GUITARES & BASSES,UkulÃ©lÃ©s,3831120902953.0,ALMNUS380C,Hal Leonard,Flight,63.02,1,63.02
19050,FLIGHT - NUS380 TOPAZ,NUS380 TOPAZ,GUITARES & BASSES,UkulÃ©lÃ©s,3831120902977.0,ALMNUS380T,Hal Leonard,Flight,63.02,1,63.02
19051,FLIGHT - NUS380 JADE,NUS380 JADE,GUITARES & BASSES,UkulÃ©lÃ©s,3831120902960.0,ALMNUS380J,Hal Leonard,Flight,63.02,1,63.02
38730,"ORTEGA - RUCOAL - Ukulele concert, okoume, noir",RUCOAL,GUITARES & BASSES,UkulÃ©lÃ©s,840553024395.0,RUCOAL,Saico - Ti,Ortega,60.75,1,60.75
19035,FLIGHT - ELISE ECKLUND SUNSET,ELISE ECKLUND,GUITARES & BASSES,UkulÃ©lÃ©s,3831120903691.0,ALMTUSEESUN,Hal Leonard,Flight,58.82,1,58.82
19043,FLIGHT - NUS350DC DREAMCATCHER,NUS350DC DREAMCATCHER,GUITARES & BASSES,UkulÃ©lÃ©s,3831120900010.0,ALMNUS350DC,Hal Leonard,Flight,58.82,1,58.82
25592,KALA - NV-GUAC NOVELTY GUACULELE,NV-GUAC NOVELTY GUACULELE,GUITARES & BASSES,UkulÃ©lÃ©s,810054343721.0,KAL-KA-NV-GUAC,HTD - High Tech Distribution,KALA,58.45,1,58.45
53496,FLIGHT - TUC30SLO - TUC30 Travel Concert Ukulele - Slovenia,TUC30SLO,GUITARES & BASSES,UkulÃ©lÃ©s,,ALMTUC30SLO,Hal Leonard,Flight,52.52,1,52.52
19028,FLIGHT - TUS32 TRAVEL SAKURA,TUS32 TRAVEL SAKURA,GUITARES & BASSES,UkulÃ©lÃ©s,3831120903400.0,ALMTUS32SAK,Hal Leonard,Flight,50.41,1,50.41
19038,FLIGHT - TUSL50 WALNUT,TUSL50 WALNUT,GUITARES & BASSES,UkulÃ©lÃ©s,3831120904339.0,ALMTUSL50,Hal Leonard,Flight,50.41,1,50.41
37905,KEIKI - K2-68-L - Pack ukulele soprano peace 68 left,K2-68-L,GUITARES & BASSES,UkulÃ©lÃ©s,842960180817.0,K2-68-L,Saico - Ti,Keiki,46.22,1,46.22
19029,FLIGHT - TUS40 GRANADA SOPRANO,TUS40 GRANADA SOPRANO,GUITARES & BASSES,UkulÃ©lÃ©s,3831120902106.0,ALMTUS40GRAN,Hal Leonard,Flight,46.21,1,46.21
66457,FLIGHT - TUS65 COPPER - UkulÃ©lÃ© de voyage,TUS65COP,GUITARES & BASSES,UkulÃ©lÃ©s,3831120912303.0,ALMTUS65COP,Hal Leonard,Flight,46.21,1,46.21
66458,FLIGHT - TUS65 EMERALD - UkulÃ©lÃ© de voyage,TUS65EME,GUITARES & BASSES,UkulÃ©lÃ©s,3831120912310.0,ALMTUS65EME,Hal Leonard,Flight,46.21,1,46.21
66459,FLIGHT - TUS65 RUBY - UkulÃ©lÃ©,TUS65RUB,GUITARES & BASSES,UkulÃ©lÃ©s,3831120912327.0,ALMTUS65RUB,Hal Leonard,Flight,46.21,1,46.21
66460,FLIGHT - TUS65 SAPPHIRE - UkulÃ©lÃ©,TUS65SAP,GUITARES & BASSES,UkulÃ©lÃ©s,3831120912280.0,ALMTUS65SAP,Hal Leonard,Flight,46.21,1,46.21
66461,FLIGHT - TUS65 SILVER - UkulÃ©lÃ©,TUS65SIL,GUITARES & BASSES,UkulÃ©lÃ©s,3831120912297.0,ALMTUS65SIL,Hal Leonard,Flight,46.21,1,46.21
19017,FLIGHT - TUS35 TRAVEL DARK BLUE,TUS35 TRAVEL DARK BLUE,GUITARES & BASSES,UkulÃ©lÃ©s,3831120900836.0,ALMTUS35DB,Hal Leonard,Flight,39.92,1,39.92
19019,FLIGHT - TUS35 TRAVEL PINK,TUS35 TRAVEL PINK,GUITARES & BASSES,UkulÃ©lÃ©s,3831120904414.0,ALMTUS35PNK,Hal Leonard,Flight,39.92,1,39.92
10168,MAHALO - HANO CONCERT 2 TRANS RED,MH2-TWR,GUITARES & BASSES,UkulÃ©lÃ©s,8997032890520.0,GMH MH2-TWR,Algam - Gaffarel,Mahalo,38.3,1,38.3
37782,KALA - KA-WMS-PK-S - UkulÃ©lÃ© Soprano Waterman,KA-WMS-PK-S,GUITARES & BASSES,UkulÃ©lÃ©s,814017028304.0,KAL-KA-WMS-PK-S,HTD - High Tech Distribution,KALA,33.02,1,33.02
37788,KALA - KA-WMT-YL-S - UkulÃ©lÃ© Soprano Waterman,KA-WMT-YL-S,GUITARES & BASSES,UkulÃ©lÃ©s,814017028434.0,KAL-KA-WMT-YL-S,HTD - High Tech Distribution,KALA,33.02,1,33.02
10172,MAHALO - MJ1-3TS,MJ1-3TS,GUITARES & BASSES,UkulÃ©lÃ©s,8997032890162.0,GMH MJ1-3TS,Algam - Gaffarel,Mahalo,32.7,1,32.7
28176,KALA - UK-DRAGONFRUIT UKADELIC DRAGON FRUIT,UK-DRAGONFRUIT,GUITARES & BASSES,UkulÃ©lÃ©s,810054342717.0,KAL-UK-DRAGONFRUIT,HTD - High Tech Distribution,KALA,27.94,1,27.94
24282,OQAN - QUK-1 WH,QUK-1 WH,GUITARES & BASSES,UkulÃ©lÃ©s,8435017325334.0,49463,Adagio,OQAN,27.19,1,27.19
