,Id_produit,Nom produit,Reference,Categorie principale,Categorie,EAN,Supplier_reference,Fournisseur,Marque,Prix,Quantite,VALEUR STOCK
0,22057,ORANGE - ROCKER 15,ROCKER 15,Amplificateurs Guitares Electriques,Combos Guitares Electriques,5060300000000.0,ORA-ROCKER15,HTD - High Tech Distribution,Orange,571.88,2,1143.76
1,33860,GR BASS - AT CUBE 500 BLK,AT CUBE 500 BLK,Amplificateurs Basses Electriques,Combos Basses,3701230000000.0,GR030,IMS Distribution,GR Bass,843.13,1,843.13
2,55552,INVADERS AMPLIFICATION - 535 BLUELEMON NAVY BLUE,535 BL NB,Amplificateurs Guitares Electriques,TÃªtes d'Amplis Guitares Electriques,792650000000.0,INV535BLNB,Filling Distribution,Invaders,843.13,1,843.13
3,19194,ROLAND - BLUES CUBE ARTIST212,BC-ART212B,Amplificateurs Guitares Electriques,Combos Guitares Electriques,4957050000000.0,BC-ART212B,Roland,Roland,829.7,1,829.7
4,19182,BOSS - WAZA 212,WAZA-212,Amplificateurs Guitares Electriques,Baffles Guitares Electriques,4957050000000.0,WAZA-212,Roland,Boss,738.47,1,738.47
5,12372,PEAVEY - CLASSIC 30 112,CLASSIC 30 112,Amplificateurs Guitares Electriques,Baffles Guitares Electriques,14367621198.0,621040,Adagio,Peavey,588.22,1,588.22
6,22547,CATALINBREAD - GALILEO,GALILEO,Amplificateurs Guitares Electriques,PÃ©dales Amp & PrÃ©amplificateurs Guitares Electriques,853710000000.0,CATGAL,Filling Distribution,Catalinbread,195.0,3,585.0
7,62003,BLACKSTAR - HT-20RH MKIII - TÃªte d'ampli 20 watts,HT-20RH MKIII,Amplificateurs Guitares Electriques,TÃªtes d'Amplis Guitares Electriques,845644000000.0,705869,Adagio,Blackstar,544.84,1,544.84
8,33909,GR BASS - GR 210V-4 BLK,GR 210V-4 BLK,Amplificateurs Basses Electriques,Baffles Basses,,GR078B04,IMS Distribution,GR Bass,543.13,1,543.13
9,35552,ELIXIR - 19105 BULK 25 MEDIUM 11-49,19105,Cordes Guitares & Basses,Cordes Guitares Electriques,,CEL 19105,Algam - Camac,Elixir,168.3,3,504.9
10,19190,BOSS - KATANA-ARTIST MkII,KTN-ARTMKII,Amplificateurs Guitares Electriques,Combos Guitares Electriques,4957050000000.0,KTN-ARTMKII,Roland,Boss,483.02,1,483.02
11,23012,DUNLOP - ADU DST-PACK,ADU DST-PACK,Accessoires Guitares & Basses,Sangles Guitares & Basses,,ADU DST-PACK,Algam - Camac,Dunlop,52.5,9,472.5
12,62005,BLACKSTAR - HT-5R MKIII - Combo a valve 5 watts,HT-5R MKIII,Amplificateurs Guitares Electriques,Combos Guitares Electriques,845644000000.0,705871,Adagio,Blackstar,458.06,1,458.06
13,12784,TRACE ELLIOT - ELF 1x10 BASS CABINET,ELF 1x10 BASS CABINET,Amplificateurs Basses Electriques,Baffles Basses,14367655582.0,621835,Adagio,Trace Elliot,417.83,1,417.83
14,7509,VOX - AC10 C1,AC10 C1,Amplificateurs Guitares Electriques,Combos Guitares Electriques,4959110000000.0,MVO AC10C1,Algam - Camac,Vox,381.9,1,381.9
15,55559,INVADERS AMPLIFICATION - CABINET 512 NAVY BLUE,CAB 512 NB,Amplificateurs Guitares Electriques,Baffles Guitares Electriques,710497000000.0,INV512NB,Filling Distribution,Invaders,374.38,1,374.38
16,13043,ERNIE BALL - 2733 - HYBRID SLINKY COBALT 45-105 - Cordes de Basse Ãlectrique - Jeu de 4,CEB 2733,Cordes Guitares & Basses,Cordes Basses Electriques,749699000000.0,CEB 2733,Algam - Gaffarel,Ernie Ball,23.1,14,323.4
17,25794,BLACKSTAR - ST. JAMES 212VOC BLACK,ST. JAMES 212VOC BLACK,Amplificateurs Guitares Electriques,Baffles Guitares Electriques,845644000000.0,648047,Adagio,Blackstar,321.69,1,321.69
18,24991,TWO NOTES - TORPEDO CAPTOR X 16,TORPEDO CAPTOR X 16,Amplificateurs Guitares Electriques,AttÃ©nuateurs de puissance,3700670000000.0,TNTCAX16,Filling Distribution,Two notes,374.38,1,374.38
19,23356,MARKBASS - AMS 121,AMS 121,Amplificateurs Basses Electriques,Baffles Basses,8059310000000.0,4541270M13003,Mogar,Markbass,300.48,1,300.48
20,18821,BOSS - ACOUSTIC SINGER LIVE LT,ACS LIVE LT,Amplificateurs Guitares Acoustiques,Combos Guitares Acoustiques,4957050000000.0,ACS-LIVELT,Roland,Boss,299.69,1,299.69
21,42311,BLACKSTAR - HTV-212 MKIII,HTV-212 MKIII,Amplificateurs Guitares Electriques,Baffles Guitares Electriques,845644000000.0,677360,Adagio,Blackstar,290.7,1,290.7
22,49613,UNIVERSAL AUDIO - UAFX LION AMP - PÃ©dale d'amplification LION'68 sÃ©rie UAFX,UAFX LION AMP,Amplificateurs Guitares Electriques,PÃ©dales Amp & PrÃ©amplificateurs Guitares Electriques,819937000000.0,GPM-LION,Universal Audio,Universal Audio,280.52,1,280.52
23,19186,BOSS - KATANA CABINET212,KTN-CAB212,Amplificateurs Guitares Electriques,Baffles Guitares Electriques,4957050000000.0,KTN-CAB212,Roland,Boss,278.87,1,278.87
24,15692,MARSHALL - CODE25 COMBO,CODE25,Amplificateurs Guitares Electriques,Combos Guitares Electriques,5030460000000.0,MMA CODE25,Algam - Gaffarel,Marshall,137.1,2,274.2
25,39072,ORANGE - PPC 112 BLACK,PPC 112 BLACK,Amplificateurs Guitares Electriques,Baffles Guitares Electriques,5060120000000.0,ORA-PPC-112BK,HTD - High Tech Distribution,Orange,262.5,1,262.5
26,22931,ASHDOWN - STUDIO 12,STUDIO 12,Amplificateurs Basses Electriques,Combos Basses,714271000000.0,MAS STUDIO-12,Algam - Gaffarel,Ashdown,260.8,1,260.8
27,28702,MARKBASS - CMB 121 BLACK LINE - Combo 150 W 1 X 12 121 Blackline,CMB 121 BLACK LINE,Amplificateurs Basses Electriques,Combos Basses,8059310000000.0,4541269M01008,Mogar,Markbass,249.57,1,249.57
28,55520,VOX - AMPLUG3 BOUTIQUE - Ampli casque,AMPLUG3 BOUTIQUE,Accessoires Guitares & Basses,Amplificateurs pour Casque Compacts,4959110000000.0,MVO AP3-BQ,Algam - Camac,Vox,34.0,7,238.0
29,7553,VOX - AMPLUG 2 BASS,AMPLUG 2 BASS,Accessoires Guitares & Basses,Amplificateurs pour Casque Compacts,4959110000000.0,MVO AP2-BS,Algam - Camac,Vox,27.8,8,222.4
30,24988,TWO NOTES - TORPEDO CAPTOR 16,TORPEDO CAPTOR 16,Amplificateurs Guitares Electriques,AttÃ©nuateurs de puissance,3700670000000.0,TNTCA16,Filling Distribution,Two notes,239.0,1,239.0
31,24989,TWO NOTES - TORPEDO CAPTOR 4,TORPEDO CAPTOR 4,Amplificateurs Guitares Electriques,AttÃ©nuateurs de puissance,3663600000000.0,TNTCA4,Filling Distribution,Two notes,239.0,1,239.0
32,54001,PEAVEY - ENVOY 110 - Amplificateur combo ENVOY 110 sÃ©rie TransTube,ENVOY 110,Amplificateurs Basses Electriques,Combos Basses,14367156751.0,621062,Adagio,Peavey,216.33,1,216.33
33,24125,TECH 21 - SANSAMP BASS DRIVER DI V2,SANSAMP BASS DRIVER DI V2,Amplificateurs Basses Electriques,PrÃ©amplificateurs Basses,837088000000.0,2150265T12004,Mogar,Tech 21,213.0,1,213.0
34,35419,ELIXIR - 14052 - Set de 4 cordes basse,14052,Cordes Guitares & Basses,Cordes Basses Electriques,733132000000.0,CEL 14052,Algam - Camac,Elixir,35.0,6,210.0
35,35507,ELIXIR - 16005 BULK 25 EXTRA LIGHT 10-47,16005,Cordes Guitares & Basses,Cordes Guitares Acoustiques / Folks,,CEL 16005,Algam - Camac,Elixir,208.7,1,208.7
36,23445,MARKBASS - MB4VGSS50110LS,MB4VGSS50110LS,Cordes Guitares & Basses,Cordes Basses Electriques,,4570425849002 *OLD*,Mogar,Markbass,48.25,4,193.0
37,51618,MUSICNOMAD - MN290,MN290,Accessoires Guitares & Basses,Outils et Entretien,857047000000.0,MNO-MN290,HTD - High Tech Distribution,MusicNomad,184.08,1,184.08
38,35543,ELIXIR - 19027 ELEC OPTIWEB CL 09-46,19027,Cordes Guitares & Basses,Cordes Guitares Electriques,733132000000.0,CEL 19027,Algam - Camac,Elixir,10.75,17,182.75
39,52059,HOTONE - MP 80 AMPERO ONE,MP 80 AMP ONE,Amplificateurs Guitares Electriques,PÃ©dales Amp & PrÃ©amplificateurs Guitares Electriques,6959470000000.0,HO-0016,WOOD4MUSIC,Hotone,177.87,1,177.87
40,31148,IBANEZ - PTPRE PENTATONE PREAMP - PÃ©dale d'effet pour guitare Ã©lectrique,PTPRE PENTATONE PREAMP,Amplificateurs Guitares Electriques,PÃ©dales Amp & PrÃ©amplificateurs Guitares Electriques,4549760000000.0,PTPRE,Hoshino,Ibanez,176.79,1,176.79
41,37945,CORT - AF30 - Ampli guitare acoustique,CORT AF30,Amplificateurs Guitares Acoustiques,Combos Guitares Acoustiques,8809380000000.0,AF30,Saico - Ti,Cort,175.47,1,175.47
42,35420,ELIXIR - 14077 - Set de 4 cordes basse,14077,Cordes Guitares & Basses,Cordes Basses Electriques,733132000000.0,CEL 14077,Algam - Camac,Elixir,35.0,5,175.0
43,31154,IBANEZ - T30II TROUBADOUR - Amplificateur combo pour guitare acoustique,T30II TROUBADOUR,Amplificateurs Guitares Acoustiques,Combos Guitares Acoustiques,4549760000000.0,T30IIU,Hoshino,Ibanez,169.69,1,169.69
44,13091,ERNIE BALL - 2831 - POWER SLINKY NICKEL WOUND 55-110 - Cordes de Basse Ãlectrique - Jeu de 4,CEB 2831,Cordes Guitares & Basses,Cordes Basses Electriques,749699000000.0,CEB 2831,Algam - Gaffarel,Ernie Ball,16.75,10,167.5
45,54346,BLACKSTAR - ID:CORE 40 V4 - Amplificateur programmable avec effets de studio et diffusion stÃ©rÃ©o,IDC 40 V4,Amplificateurs Guitares Electriques,Combos Guitares Electriques,,703311,Adagio,Blackstar,160.54,1,160.54
46,26176,EMINENCE - BASSLITE-SC10-16,BASSLITE-SC10-16,Amplificateurs Guitares & Basses,Haut-parleurs,876358000000.0,EMIBASSLITESC1016,MSC Distribution - Major Audio,Eminence,154.4,1,154.4
47,14320,VOX - ADIO AIR GT,ADIO AIR GT,Amplificateurs Guitares Electriques,Combos Guitares Electriques,4959110000000.0,MVO ADIO-AIR-GT,Algam - Camac,Vox,151.56,1,151.56
48,22058,ORANGE - MICRO TERROR,MICRO TERROR,Amplificateurs Guitares Electriques,TÃªtes d'Amplis Guitares Electriques,5060120000000.0,ORA-MT,HTD - High Tech Distribution,Orange,140.83,1,140.83
49,12877,ERNIE BALL - 2012 - EARTHWOOD MEDIUM 11-28 - Cordes de Guitare Acoustique - Jeu de 6,CEB 2012,Cordes Guitares & Basses,Cordes Guitares Acoustiques / Folks,749699000000.0,CEB 2012,Algam - Gaffarel,Ernie Ball,8.8,16,140.8
50,42261,MARK STRINGS - SIGNATURE GOUCHE 040-120 STAIN - Jeu 5 cordes basse,SIGNATURE GOUCHE 040-120 STAIN,Cordes Guitares & Basses,Cordes Basses Electriques,8059310000000.0,,Mogar,Mark Strings,34.97,4,139.88
51,52074,HOTONE - MP 50PT AMPERO MINI PURPLE TARO,MP 50PT AMP MINI PURP TA,Amplificateurs Guitares Electriques,PÃ©dales Amp & PrÃ©amplificateurs Guitares Electriques,6959470000000.0,HO-0048,WOOD4MUSIC,Hotone,138.78,1,138.78
52,52075,HOTONE - MP 50MC AMPERO MINI MATCHA,MP 50MC AMP MINI MAT,Amplificateurs Guitares Electriques,PÃ©dales Amp & PrÃ©amplificateurs Guitares Electriques,6959470000000.0,HO-0049,WOOD4MUSIC,Hotone,138.78,1,138.78
53,42243,MARK STRINGS - GROOVE 045-130 NICKEL PLATED STEEL - Jeu 5 cordes basse,GROOVE 045-130 NICKEL PLATED S,Cordes Guitares & Basses,Cordes Basses Electriques,8033830000000.0,,Mogar,Mark Strings,27.63,5,138.15
54,35514,ELIXIR - 16077 PHOS.BRONZE. ML 12-56,16077,Cordes Guitares & Basses,Cordes Guitares Acoustiques / Folks,733132000000.0,CEL 16077,Algam - Camac,Elixir,13.45,10,134.5
55,25865,VOX - MINI GO 3,MINI GO 3,Amplificateurs Guitares Electriques,Combos Guitares Electriques,4959110000000.0,MVO VMG-3,Algam - Camac,Vox,131.9,1,131.9
56,55529,GRAVITY - FG SEAT 1 - Tabouret de musicien avec support pour guitare,FG SEAT 1,Accessoires Guitares & Basses,Accessoires Divers Guitares & Basses,4049520000000.0,GFGSEAT1,Adam Hall,Gravity,62.86,2,125.72
57,7311,BLACKSTAR - HT-1R,HT-1R,Amplificateurs Guitares Electriques,Combos Guitares Electriques,84564400548.0,HT1R,Adagio,Blackstar,125.48,1,125.48
58,29222,CHERUB - WST 905LI - Accordeur avec pince acier robuste,WST 905LI,Accessoires Guitares & Basses,Accordeurs,6936260000000.0,ECH WST-905LI,Algam - Audia,Cherub,13.28,9,119.52
59,22114,ORANGE - CRUSH 12 Black,CRUSH 12 Black,Amplificateurs Guitares Electriques,Combos Guitares Electriques,5060300000000.0,ORA-CR12BK,HTD - High Tech Distribution,Orange,115.83,1,115.83
60,14503,MARSHALL - MS-2R,MS-2R,Amplificateurs Guitares Electriques,Combos Guitares Electriques,5030460000000.0,MMA MS2R,Algam - Gaffarel,Marshall,28.9,4,115.6
61,12874,ERNIE BALL - 2004 - EARTHWOOD BRONZE LIGHT 11-52 - Cordes de Guitare Acoustique - Jeu de 6,CEB 2004,Cordes Guitares & Basses,Cordes Guitares Acoustiques / Folks,749699000000.0,CEB 2004,Algam - Gaffarel,Ernie Ball,5.25,22,115.5
62,13047,ERNIE BALL - 2734 - SUPER SLINKY COBALT 45-100 - Cordes de Basse Ãlectrique - Jeu de 4,CEB 2734,Cordes Guitares & Basses,Cordes Basses Electriques,749699000000.0,CEB 2734,Algam - Gaffarel,Ernie Ball,23.1,5,115.5
63,35344,ELIXIR - 11002 NANOWEB XL 10-47,11002,Cordes Guitares & Basses,Cordes Guitares Acoustiques / Folks,733132000000.0,CEL 11002,Algam - Camac,Elixir,12.75,9,114.75
64,19428,ZT AMPLIFIERS - LBJ1 - LUNCHBOX JUNIOR AMP,LBJ1,Amplificateurs Guitares Electriques,Combos Guitares Electriques,91037228291.0,ZTLBJ1-EU,Hal Leonard,ZT Amplifiers,114.71,1,114.71
65,26659,ROTOSOUND - SOLO BASS 55 SM55,SOLO BASS 55 SM55,Cordes Guitares & Basses,Cordes Basses Electriques,686194000000.0,ROTSM55,Filling Distribution,Rotosound,46.9,3,140.7
66,26163,EMINENCE - GA-SC64,GA-SC64,Amplificateurs Guitares & Basses,Haut-parleurs,876358000000.0,SEM GA-SC64,Algam - Audia,Eminence,110.5,1,110.5
67,42238,MARK STRINGS - GROOVE 040-100 NICKEL PLATED STEEL - Jeu 4 cordes basse,GROOVE 040-100 NICKEL PLATED S,Cordes Guitares & Basses,Cordes Basses Electriques,8033830000000.0,,Mogar,Mark Strings,20.73,5,103.65
68,26158,EMINENCE - GA10-SC64,GA10-SC64,Amplificateurs Guitares & Basses,Haut-parleurs,876358000000.0,SEM GA10-SC64,Algam - Audia,Eminence,98.15,1,98.15
69,12910,ERNIE BALL - 2146 - EARTHWOOD PHOSPHOR MEDIUM LIGHT 12-54 - Cordes de Guitare Acoustique - Jeu,CEB 2146,Cordes Guitares & Basses,Cordes Guitares Acoustiques / Folks,749699000000.0,CEB 2146,Algam - Gaffarel,Ernie Ball,6.0,16,96.0
70,22531,ORANGE - PPC108 BLACK,PPC108 BLACK,Amplificateurs Guitares Electriques,Baffles Guitares Electriques,5060300000000.0,ORA-PPC-108BK,HTD - High Tech Distribution,Orange,90.83,1,90.83
71,26599,PROVIDENCE - V206 SLIM PATCH 30CM S/L,V206 SLIM PATCH 30CM S/L,Accessoires Guitares & Basses,CÃ¢bles de Patch,4539590000000.0,PVV206-30SL,Filling Distribution,Providence,32.9,3,98.7
72,26046,EMINENCE - PSD2002-SA,PSD2002-SA,Amplificateurs Guitares & Basses,Haut-parleurs,876358000000.0,EMIPSD2002S,MSC Distribution - Major Audio,Eminence,86.66,1,86.66
73,53495,FLIGHT - TINY6W - Ampli ukulÃ©lÃ© portable Tiny6 2x3 W - Noyer,TINY6W,Amplificateurs Guitares & Basses,Amplificateurs Guitares Acoustiques,,ALMTINY6W,Hal Leonard,Flight,42.01,2,84.02
74,31341,IBANEZ - B1000PGPW,B1000PGPW,Accessoires Guitares & Basses,MÃ©diators,4515110000000.0,B1000PGPW,Hoshino,Ibanez,5.25,16,84.0
75,42265,MARK STRINGS - LONGEVO 045-105 NICKEL PLATED STEEL - Jeu 4 cordes basse,LONGEVO 045-105 NICKEL PLATED S,Cordes Guitares & Basses,Cordes Basses Electriques,8033830000000.0,4S70425868001,Mogar,Mark Strings,27.9,3,83.7
76,29897,ERNIE BALL - 2222 HYBRID SLINKY,2222 HYBRID SLINKY,Cordes Guitares & Basses,Cordes Guitares Electriques,749699000000.0,CEB 2222,Algam - Gaffarel,Ernie Ball,4.85,17,82.45
77,13273,BLACKSTAR - FLY PACK BASS,FLY PACK BASS,Amplificateurs Basses Electriques,Baffles Basses,845644000000.0,44160,Adagio,Blackstar,81.45,1,81.45
78,7378,BLACKSTAR - FLY STEREO PACK,FLY STEREO PACK,Amplificateurs Guitares Electriques,Combos Guitares Electriques,845644000000.0,43876,Adagio,Blackstar,80.89,1,80.89
79,12872,ERNIE BALL - 2047 - EARTHWOOD EXTRA LIGHT 10-50 - Cordes de Guitare Acoustique  - Jeu de 6,CEB 2047,Cordes Guitares & Basses,Cordes Guitares Acoustiques / Folks,749699000000.0,CEB 2047,Algam - Gaffarel,Ernie Ball,9.8,8,78.4
80,26593,PROVIDENCE - V206 SLIM PATCH 15CM L/L,V206 SLIM PATCH 15CM L/L,Accessoires Guitares & Basses,CÃ¢bles de Patch,4539590000000.0,PVV206-15,Filling Distribution,Providence,30.9,3,92.7
81,29896,ERNIE BALL - 2223 SUPER SLINKY,2223 SUPER SLINKY,Cordes Guitares & Basses,Cordes Guitares Electriques,,CEB 2223,Algam - Gaffarel,Ernie Ball,4.85,16,77.6
82,29899,ERNIE BALL - 2226 BURLY SLINKY,2226 BURLY SLINKY,Cordes Guitares & Basses,Cordes Guitares Electriques,749699000000.0,CEB 2226,Algam - Gaffarel,Ernie Ball,4.85,16,77.6
83,35350,ELIXIR - 11052 NANOWEB L 12-53,11052,Cordes Guitares & Basses,Cordes Guitares Acoustiques / Folks,733132000000.0,CEL 11052,Algam - Camac,Elixir,12.75,6,76.5
84,21038,ERNIE BALL - 2409 - ERNESTO PALLA NYLON BALL END - Cordes de Guitare Classique - Jeu de 6,CEB 2409,Cordes Guitares & Basses,Cordes Guitares Classiques,749699000000.0,CEB 2409,Algam - Gaffarel,Ernie Ball,6.95,11,76.45
85,34188,LEVY'S - MP2-009 - Sangle guitare et basse ,MP2-009,Accessoires Guitares & Basses,Sangles Guitares & Basses,734991000000.0,LEV-MP2-009,HTD - High Tech Distribution,Levy's,18.74,4,74.96
86,12878,ERNIE BALL - 2003 - EARTHWOOD MEDIUM LIGHT 12-54 - Cordes de Guitare Acoustique - Jeu de 6,CEB 2003,Cordes Guitares & Basses,Cordes Guitares Acoustiques / Folks,749699000000.0,CEB 2003,Algam - Gaffarel,Ernie Ball,5.25,14,73.5
87,12906,ERNIE BALL - 2150 - EARTHWOOD PHOSPHOR EXTRA LIGHT 10-50 - Cordes de Guitare Acoustique - Jeu,CEB 2150,Cordes Guitares & Basses,Cordes Guitares Acoustiques / Folks,749699000000.0,CEB 2150,Algam - Gaffarel,Ernie Ball,6.0,12,72.0
88,12907,ERNIE BALL - 2148 - EARTHWOOD PHOSPHOR BRONZE LIGHT 11-52 - Cordes de Guitare Acoustique - Jeu,CEB 2148,Cordes Guitares & Basses,Cordes Guitares Acoustiques / Folks,749699000000.0,CEB 2148,Algam - Gaffarel,Ernie Ball,6.0,12,72.0
89,42266,MARK STRINGS - LONGEVO 045-130 NICKEL PLATED STEEL - Jeu 5 cordes basse,LONGEVO 045-130 NICKEL PLATED S,Cordes Guitares & Basses,Cordes Basses Electriques,8033830000000.0,4S70425868002,Mogar,Mark Strings,34.97,2,69.94
90,13044,ERNIE BALL - 2731 - POWER SLINKY COBALT 55-110 - Cordes de Basse Ãlectrique - Jeu de 4,CEB 2731,Cordes Guitares & Basses,Cordes Basses Electriques,749699000000.0,CEB 2731,Algam - Gaffarel,Ernie Ball,23.1,3,69.3
91,13093,ERNIE BALL - 2832 - REGULAR SLINKY NICKEL WOUND 50-105 - Cordes de Basse Ãlectrique - Jeu de 4,CEB 2832,Cordes Guitares & Basses,Cordes Basses Electriques,749699000000.0,CEB 2832,Algam - Gaffarel,Ernie Ball,16.75,4,67.0
92,35347,ELIXIR - 11027 NANOWEB CL 11-52 - Jeu de 6 cordes Custom light,11027,Cordes Guitares & Basses,Cordes Guitares Acoustiques / Folks,733132000000.0,CEL 11027,Algam - Camac,Elixir,12.75,5,63.75
93,28366,LANEY - MINI-ST-IRON,MINI-ST-IRON,Amplificateurs Guitares Electriques,Combos Guitares Electriques,5060110000000.0,MINI-ST-IRON,Saico - Musico,Laney,63.33,1,63.33
94,22071,ORANGE - CRUSH MINI,CRUSH MINI,Amplificateurs Guitares Electriques,Combos Guitares Electriques,5060300000000.0,ORA-CRUSHMINI,HTD - High Tech Distribution,Orange,62.5,1,62.5
95,22328,ORANGE - CRUSH MINI BLACK,CRUSH MINI BLACK,Amplificateurs Guitares Electriques,Combos Guitares Electriques,5060300000000.0,ORA-CRUSHMINI-BK,HTD - High Tech Distribution,Orange,62.5,1,62.5
96,44553,ELIXIR - 16545 - Cordes acoustiques,16545,Cordes Guitares & Basses,Cordes Guitares Acoustiques / Folks,733132000000.0,CEL 16545,Algam - Camac,Elixir,30.9,2,61.8
97,42211,MARK STRINGS - BRIGHT 011-052 BRONZEE 80/20 - Jeu 6 cordes guitare acoustique,BRIGHT 011-052 BRONZEE 80/20,Cordes Guitares & Basses,Cordes Guitares Acoustiques / Folks,8059310000000.0,,Mogar,Mark Strings,6.73,9,60.57
98,27795,XVIVE - U2T BLACK,U2T BLACK,Accessoires Guitares & Basses,SystÃ¨mes sans fil pour Guitares et Basses,6946040000000.0,703915,Adagio,,60.17,1,60.17
99,42214,MARK STRINGS - BRIGHT 013-056 BRONZEE 80/20 - Jeu 6 cordes guitare acoustique,BRIGHT 013-056 BRONZEE 80/20,Cordes Guitares & Basses,Cordes Guitares Acoustiques / Folks,8059310000000.0,,Mogar,Mark Strings,7.5,8,60.0
100,12992,ERNIE BALL - 2076 - PARADIGM PHOSPHOR MEDIUM LIGHT 12-54 - Cordes de Guitare Acoustique - Jeu,CEB 2076,Cordes Guitares & Basses,Cordes Guitares Acoustiques / Folks,749699000000.0,CEB 2076,Algam - Gaffarel,Ernie Ball,11.9,5,59.5
101,34393,LEVY'S - MS317EMP-IND - Sangles guitares et basses,MS317EMP-IND,Accessoires Guitares & Basses,Sangles Guitares & Basses,734991000000.0,LEV-MS317EMP-IND,HTD - High Tech Distribution,Levy's,58.43,1,58.43
102,37939,CORT - E310C - Accordeur,E310C,Accessoires Guitares & Basses,Accordeurs,8809380000000.0,E310C,Saico - Ti,Cort,7.16,8,57.28
103,42258,MARK STRINGS - LONGEVO 045-105 STAINLESS STEEL - Jeu 4 cordes basse,LONGEVO 045-105 STAINLESS STEEL,Cordes Guitares & Basses,Cordes Basses Electriques,8033830000000.0,,Mogar,Mark Strings,27.9,2,55.8
104,33979,LEVY'S - M26-BLK - Sangle guitare et basse cuir,M26-BLK,Accessoires Guitares & Basses,Sangles Guitares & Basses,734990000000.0,LEV-M26-BLK,HTD - High Tech Distribution,Levy's,13.88,4,55.52
105,28909,ERNIE BALL - 9613 FRETWRAPS M,9613 FRETWRAPS M,Accessoires Guitares & Basses,"Bottlenecks, Tone Bars, Fretwraps",749699000000.0,AEB 9613,Algam - Gaffarel,Ernie Ball,11.0,5,55.0
106,44942,AQUILA - 166C - Jeu de 6 cordes guitare flamenco,166C,Cordes Guitares & Basses,Cordes Guitares Classiques,8052410000000.0,CAQ 166C,Algam - Camac,Aquila,4.95,11,54.45
107,34534,LEVY'S - PM28-2B - Sangle guitare et basse Cuir,PM28-2B,Accessoires Guitares & Basses,Sangles Guitares & Basses,734991000000.0,LEV-PM28-2B,HTD - High Tech Distribution,Levy's,52.78,1,52.78
108,12871,ERNIE BALL - 2006 - EARTHWOOD ROCK AND BLUES 10-50 - Cordes de Guitare Acoustique - Jeu de 6,CEB 2006,Cordes Guitares & Basses,Cordes Guitares Acoustiques / Folks,749699000000.0,CEB 2006,Algam - Gaffarel,Ernie Ball,5.25,10,52.5
109,27990,MOOER - GCA5 GTRS PTNR BK,GCA5 GTRS PTNR BK,Amplificateurs Guitares Electriques,Combos Guitares Electriques,6971890000000.0,GCA5-BK,Saico - Musico,MOOER,51.6,1,51.6
110,35363,ELIXIR - 12000 - Jeu de 6 cordes guitare Ã©lectrique,12000,Cordes Guitares & Basses,Cordes Guitares Electriques,733132000000.0,CEL 12000,Algam - Camac,Elixir,10.05,5,50.25
111,55507,GRAVITY - FD SEAT 1 - Tabouret de musicien rond,FD SEAT 1,Accessoires Guitares & Basses,Accessoires Divers Guitares & Basses,4049520000000.0,GFDSEAT1,Adam Hall,Gravity,50.1,1,50.1
112,21037,ERNIE BALL - 2406 - ERNESTO PALLA BLACK SILVER,CEB 2406,Cordes Guitares & Basses,Cordes Guitares Classiques,749699000000.0,CEB 2406,Algam - Gaffarel,Ernie Ball,6.25,8,50.0
113,41205,LAVA MUSIC - IDEAL STRAP 2 WHITE - Sangle LAVA ME 3,IDEAL STRAP 2 WHITE - LAVA ME 3,Accessoires Guitares & Basses,Sangles Guitares & Basses,6973020000000.0,LA-0089,WOOD4MUSIC,LAVA MUSIC,49.38,1,49.38
114,34180,LEVY'S - MHG2-DBR - Sangle guitare et basse chanvre doublÃ©e cuir,MHG2-DBR,Accessoires Guitares & Basses,Sangles Guitares & Basses,734991000000.0,LEV-MHG2-DBR,HTD - High Tech Distribution,Levy's,48.6,1,48.6
115,12876,ERNIE BALL - 2002 - EARTHWOOD MEDIUM 13-56 - Cordes de Guitare Acoustique - Jeu de 6,CEB 2002,Cordes Guitares & Basses,Cordes Guitares Acoustiques / Folks,749699000000.0,CEB 2002,Algam - Gaffarel,Ernie Ball,5.25,9,47.25
116,34100,LEVY'S - MC8TWA-BLK - Sangles guitares et basses,MC8TWA-BLK,Accessoires Guitares & Basses,Sangles Guitares & Basses,734991000000.0,LEV-MC8TWA-BLK,HTD - High Tech Distribution,Levy's,47.11,1,47.11
117,26090,EMINENCE - BH410,BH410,Amplificateurs Guitares & Basses,Haut-parleurs,876358000000.0,SEM BH410,Algam - Audia,Eminence,15.44,3,46.32
118,26079,EMINENCE - BGH25-8,BGH25-8,Amplificateurs Guitares & Basses,Haut-parleurs,876358000000.0,SEM BGH25-8,Algam - Audia,Eminence,46.3,1,46.3
119,26538,PROVIDENCE - LE502C COIL 4M S/L,LE502C COIL 4M S/L,Accessoires Guitares & Basses,CÃ¢bles Instruments,4539590000000.0,PVLE502C-4L,Filling Distribution,Providence,29.9,2,59.8
120,15969,FLUID AUDIO - STRUM BUDDY HEAVY METAL,STRUMBUDDY METAL,Amplificateurs Guitares Electriques,Combos Guitares Electriques,858445000000.0,7310_STRUMBUDDY_ME,Sogetronic,Fluid Audio,45.0,1,45.0
121,34203,"LEVY'S - MPA3-002 - Sangle guitare et basse polyester imprimÃ© ""artist series""",MPA3-002,Accessoires Guitares & Basses,Sangles Guitares & Basses,734990000000.0,LEV-MPA3-002,HTD - High Tech Distribution,Levy's,22.21,2,44.42
122,12807,ERNIE BALL - 4602 - Strap locks DorÃ© - Paire,AEB 4602,Accessoires Guitares & Basses,PiÃ¨ces dÃ©tachÃ©es,749699000000.0,AEB 4602,Algam - Gaffarel,Ernie Ball,22.2,2,44.4
123,35546,ELIXIR - 19057 LIGHT /7C,19057,Cordes Guitares & Basses,Cordes Guitares Electriques,733132000000.0,CEL 19057,Algam - Camac,Elixir,14.75,3,44.25
124,35548,ELIXIR - 19074 LIGHT HEAVY /7C,19074,Cordes Guitares & Basses,Cordes Guitares Electriques,733132000000.0,CEL 19074,Algam - Camac,Elixir,14.75,3,44.25
125,28767,ERNIE BALL - 9612 FRETWRAPS S,9612 FRETWRAPS S,Accessoires Guitares & Basses,"Bottlenecks, Tone Bars, Fretwraps",749699000000.0,AEB 9612,Algam - Gaffarel,Ernie Ball,11.0,4,44.0
126,21036,ERNIE BALL - 2403 - ERNESTO PALLA CLEAR SILVER,CEB 2403,Cordes Guitares & Basses,Cordes Guitares Classiques,749699000000.0,CEB 2403,Algam - Gaffarel,Ernie Ball,6.25,7,43.75
127,35539,ELIXIR - 19002 ELEC OPTIWEB SL 09-42,19002,Cordes Guitares & Basses,Cordes Guitares Electriques,733132000000.0,CEL 19002,Algam - Camac,Elixir,10.75,4,43.0
128,33972,LEVY'S - M17BDS-BRN - Sangle guitare et basse cuir,M17BDS-BRN,Accessoires Guitares & Basses,Sangles Guitares & Basses,734991000000.0,LEV-M17BDS-BRN,HTD - High Tech Distribution,Levy's,42.74,1,42.74
129,34138,LEVY'S - MG317BOG-BLK - Sangle guitare et basse cuir,MG317BOG-BLK,Accessoires Guitares & Basses,Sangles Guitares & Basses,734991000000.0,LEV-MG317BOG-BLK,HTD - High Tech Distribution,Levy's,41.66,1,41.66
130,42240,MARK STRINGS - GROOVE 045-105 NICKEL PLATED STEEL - Jeu 4 cordes basse,GROOVE 045-105 NICKEL PLATED S,Cordes Guitares & Basses,Cordes Basses Electriques,8033830000000.0,,Mogar,Mark Strings,20.73,2,41.46
131,49591,DR STRINGS - NBB5-45 - Cordes basse Ã©lectrique 5 cordes bleu nÃ©on,NBB5-45,Cordes Guitares & Basses,Cordes Basses Electriques,600781000000.0,DRS-NBB5-45,HTD - High Tech Distribution,DR Strings,41.23,1,41.23
132,29493,VOX - AMPLUG BRIAN MAY SIGNATURE,AMPLUG BRIAN MAY SIGN,Accessoires Guitares & Basses,SystÃ¨mes sans fil pour Guitares et Basses,4959110000000.0,MVO AP-BM,Algam - Camac,Vox,41.0,1,41.0
133,13094,ERNIE BALL - 2836 - REGULAR SLINKY BASS 5 45-130 - Cordes de Basse Ãlectrique - Jeu de 5,CEB 2836,Cordes Guitares & Basses,Cordes Basses Electriques,749699000000.0,CEB 2836,Algam - Gaffarel,Ernie Ball,20.3,2,40.6
134,34022,LEVY'S - M7GG-BLK - Sangle guitare et basse extrÃ©mitÃ©s allongÃ©es,M7GG-BLK,Accessoires Guitares & Basses,Sangles Guitares & Basses,734991000000.0,LEV-M7GG-BLK,HTD - High Tech Distribution,Levy's,40.27,1,40.27
135,33942,LEVY'S - DM1-BLK - Sangle guitare et basse avec couture,DM1-BLK,Accessoires Guitares & Basses,Sangles Guitares & Basses,734990000000.0,LEV-DM1-BLK,HTD - High Tech Distribution,Levy's,20.13,2,40.26
136,51035,DANELECTRO - MINI AMP HODAD 1,MINI AMP HODAD 1,Amplificateurs Guitares Electriques,Combos Guitares Electriques,611820000000.0,678434,Adagio,Danelectro,39.67,1,39.67
137,34523,LEVY'S - MX8-002 - Sangle guitare et basse vegan,MX8-002,Accessoires Guitares & Basses,Sangles Guitares & Basses,734991000000.0,LEV-MX8-002,HTD - High Tech Distribution,Levy's,38.9,1,38.9
138,35356,ELIXIR - 11100 POLYWEB M 13-56,11100,Cordes Guitares & Basses,Cordes Guitares Acoustiques / Folks,733132000000.0,CEL 11100,Algam - Camac,Elixir,12.75,3,38.25
139,35357,ELIXIR - 11102 NANOWEB M 13-56,11102,Cordes Guitares & Basses,Cordes Guitares Acoustiques / Folks,733132000000.0,CEL 11102,Algam - Camac,Elixir,12.75,3,38.25
140,12809,ERNIE BALL - 4601 - Strap locks Noir - Paire,AEB 4601,Accessoires Guitares & Basses,PiÃ¨ces dÃ©tachÃ©es,749699000000.0,AEB 4601,Algam - Gaffarel,Ernie Ball,18.5,2,37.0
141,17033,BLACKSTAR - AMPLUG2 FLY GUITAR,AMPLUG2 FLY GUITAR,Accessoires Guitares & Basses,Amplificateurs pour Casque Compacts,845644000000.0,624324,Adagio,Blackstar,36.82,1,36.82
142,26782,GHS - FAST FRET (L'unitÃ©),FAST FRET,Accessoires Guitares & Basses,Outils et Entretien,737681000000.0,AGH FAST-FRET,Algam - Camac,GHS,7.35,5,36.75
143,42632,ERNIE BALL -  2723 - Super slinky 09-42,2723,Cordes Guitares & Basses,Cordes Guitares Electriques,749699000000.0,CEB 2723,Algam - Gaffarel,Ernie Ball,9.05,4,36.2
144,42635,SAVAREZ - 520R - Jeu de cordes guitare classique Rouge Tirant Normal,520R,Cordes Guitares & Basses,Cordes Guitares Classiques,698503000000.0,CSA 520R,Algam - Camac,Savarez,9.0,4,36.0
145,19472,BOSS - TU-30,TU-30,Accessoires Guitares & Basses,Accordeurs,4957050000000.0,TU-30,Roland,Boss,17.2,2,34.4
146,13067,ERNIE BALL - 2815 - EXTRA SLINKY FLATWOUND 40-95 - Cordes de Basse Ãlectrique - Jeu de 4,CEB 2815,Cordes Guitares & Basses,Cordes Basses Electriques,749699000000.0,CEB 2815,Algam - Gaffarel,Ernie Ball,34.2,1,34.2
147,13069,ERNIE BALL - 2811 - POWER SLINKY FLATWOUND 55-110 - Cordes de Basse Ãlectrique - Jeu de 4,CEB 2811,Cordes Guitares & Basses,Cordes Basses Electriques,749699000000.0,CEB 2811,Algam - Gaffarel,Ernie Ball,34.2,1,34.2
148,55524,VOX - AMPLUG3 US SILVER - Ampli casque,AMPLUG3 US SILVER,Accessoires Guitares & Basses,Amplificateurs pour Casque Compacts,4959110000000.0,MVO AP3-US,Algam - Camac,Vox,34.0,1,34.0
149,19380,FLIGHT - POLYESTER SAKURA,POLYESTER SAKURA,Accessoires Guitares & Basses,Sangles Guitares & Basses,3831120000000.0,ALMS35SAK,Hal Leonard,Flight,8.39,4,33.56
150,13090,ERNIE BALL - 2833 - HYBRID SLINKY NICKEL WOUND 45-105 - Cordes de Basse Ãlectrique - Jeu de 4,CEB 2833,Cordes Guitares & Basses,Cordes Basses Electriques,749699000000.0,CEB 2833,Algam - Gaffarel,Ernie Ball,16.75,2,33.5
151,12808,ERNIE BALL - 4600 - Strap locks Nickel - Paire,AEB 4600,Accessoires Guitares & Basses,PiÃ¨ces dÃ©tachÃ©es,749699000000.0,AEB 4600,Algam - Gaffarel,Ernie Ball,16.65,2,33.3
152,31330,IBANEZ - B1000SVGPY - Set de 3 mÃ©diators,B1000SVGPY,Accessoires Guitares & Basses,MÃ©diators,4515280000000.0,B1000SVGPY,Hoshino,Ibanez,3.69,9,33.21
153,34229,LEVY'S - MPD2C-110 - Sangles guitares et basses,MPD2C-110,Accessoires Guitares & Basses,Sangles Guitares & Basses,734991000000.0,LEV-MPD2C-110,HTD - High Tech Distribution,Levy's,16.26,2,32.52
154,35550,ELIXIR - 19077 ELEC OPTIWEB LH 10-52,19077,Cordes Guitares & Basses,Cordes Guitares Electriques,733132000000.0,CEL 19077,Algam - Camac,Elixir,10.75,3,32.25
155,44487,SAVAREZ - 546J,546J,Cordes Guitares & Basses,Cordes de Guitares Ã  lâUnitÃ©,698503000000.0,CSA 546J,Algam - Camac,Savarez,2.25,14,31.5
156,26250,QUIK LOK - GS438,GS438,Accessoires Guitares & Basses,Supports Guitares & Basses,8025530000000.0,TQM GS438,Algam - Gaffarel,Quik Lok,10.45,3,31.35
157,33947,LEVY'S - DM1PD-BRG - Sangles guitares et basses,DM1PD-BRG,Accessoires Guitares & Basses,Sangles Guitares & Basses,734990000000.0,LEV-DM1PD-BRG,HTD - High Tech Distribution,Levy's,31.24,1,31.24
158,34169,LEVY'S - MH8P-001 - Sangles guitares et basses,MH8P-001,Accessoires Guitares & Basses,Sangles Guitares & Basses,734991000000.0,LEV-MH8P-001,HTD - High Tech Distribution,Levy's,31.24,1,31.24
159,34170,LEVY'S - MH8P-002 - Sangles guitares et basses,MH8P-002,Accessoires Guitares & Basses,Sangles Guitares & Basses,734991000000.0,LEV-MH8P-002,HTD - High Tech Distribution,Levy's,31.24,1,31.24
160,34178,LEVY'S - MH8P-010 - Sangle guitare et basse chanvre vegan,MH8P-010,Accessoires Guitares & Basses,Sangles Guitares & Basses,734991000000.0,LEV-MH8P-010,HTD - High Tech Distribution,Levy's,31.24,1,31.24
161,34548,LEVY'S - PM48NP3 - Sangle guitare et basse nÃ©oprÃ¨ne,PM48NP3,Accessoires Guitares & Basses,Sangles Guitares & Basses,734991000000.0,LEV-PM48NP3,HTD - High Tech Distribution,Levy's,31.24,1,31.24
162,21039,DUNLOP - 6500 KIT,6500 KIT,Accessoires Guitares & Basses,Outils et Entretien,710137000000.0,ADU 6500,Algam - Camac,Dunlop,30.9,1,30.9
163,26596,PROVIDENCE - V206 SLIM PATCH 30CM L/L,V206 SLIM PATCH 30CM L/L,Accessoires Guitares & Basses,CÃ¢bles de Patch,4539590000000.0,PVV206-30,Filling Distribution,Providence,33.9,1,33.9
164,23442,MARKBASS - MB5GVNP45125LS,MB5GVNP45125LS,Cordes Guitares & Basses,Cordes Basses Electriques,,4570425846006 *OLD*,Mogar,Markbass,30.7,1,30.7
165,35367,ELIXIR - 12025 - Jeu de 6 cordes guitare Ã©lectrique,12025,Cordes Guitares & Basses,Cordes Guitares Electriques,733132000000.0,CEL 12025,Algam - Camac,Elixir,10.05,3,30.15
166,23463,"MARKBASS - MB SUPER SIGNAL 5,6M J90K-JACK","MB SUPER SIGNAL 5,6M J90K-JACK",Accessoires Guitares & Basses,CÃ¢bles Instruments,8033830000000.0,,Mogar,Markbass,29.12,1,29.12
167,7627,MARSHALL - MS-2,MS-2,Amplificateurs Guitares Electriques,Combos Guitares Electriques,5030460000000.0,MMA MS2,Algam - Gaffarel,Marshall,28.9,1,28.9
168,35298,DIMARZIO - DD3146 - Polyphia Signature - Standard - Floral Muse Black,DD3146,Accessoires Guitares & Basses,Sangles Guitares & Basses,663334000000.0,,Mogar,DiMarzio,28.85,1,28.85
169,35304,DIMARZIO - DD3150 - UtoPIA Nylon Standard - Noire/dorÃ©e,DD3150,Accessoires Guitares & Basses,Sangles Guitares & Basses,663334000000.0,,Mogar,DiMarzio,28.85,1,28.85
170,33991,LEVY'S - M26PD-BRN - Sangle guitare et basse cuir,M26PD-BRN,Accessoires Guitares & Basses,Sangles Guitares & Basses,734991000000.0,LEV-M26PD-BRN,HTD - High Tech Distribution,Levy's,28.56,1,28.56
171,35311,DIMARZIO - DD2200BL - Nylon ClipLock - Bleu,DD2200BL,Accessoires Guitares & Basses,Sangles Guitares & Basses,663334000000.0,,Mogar,DiMarzio,28.17,1,28.17
172,42264,MARK STRINGS - BALANCED 045-130 NICKEL PLATED STEEL - Jeu 5 cordes basse,BALANCED 045-130 NICKEL PLATED,Cordes Guitares & Basses,Cordes Basses Electriques,8033830000000.0,4S70425859002,Mogar,Mark Strings,27.9,1,27.9
173,26595,PROVIDENCE - V206 SLIM PATCH 20CM L/L,V206 SLIM PATCH 20CM L/L,Accessoires Guitares & Basses,CÃ¢bles de Patch,4539590000000.0,PVV206-20,Filling Distribution,Providence,30.9,1,30.9
174,7555,VOX - AMPLUG 2 CLASSIC ROCK,AMPLUG 2 CLASSIC ROCK,Accessoires Guitares & Basses,Amplificateurs pour Casque Compacts,4959110000000.0,MVO AP2-CR,Algam - Camac,Vox,27.8,1,27.8
175,11786,VOX - AMPLUG 2 LEAD,AMPLUG 2 LEAD,Accessoires Guitares & Basses,Amplificateurs pour Casque Compacts,4959110000000.0,MVO AP2-LD,Algam - Camac,Vox,27.8,1,27.8
176,38662,ORTEGA - OGH-1TSB - Support mural guitare sunburst,OGH-1TSB,Accessoires Guitares & Basses,Supports Guitares & Basses,842960000000.0,OGH-1TSB,Saico - Ti,Ortega,6.35,4,25.4
177,49450,DR STRINGS - BKBT-50 - Cordes basse Ã©lectrique 4 cordes,BKBT-50,Cordes Guitares & Basses,Cordes Basses Electriques,600781000000.0,DRS-BKBT-50,HTD - High Tech Distribution,DR Strings,25.0,1,25.0
178,13026,ERNIE BALL - 3834 - SUPER SLINKY COATED 45-100 - Cordes de Basse Ãlectrique - Jeu de 4,CEB 3834,Cordes Guitares & Basses,Cordes Basses Electriques,749699000000.0,CEB 3834,Algam - Gaffarel,Ernie Ball,24.5,1,24.5
179,44641,MARTIN GUITARS - M170 - Jeu de 6 cordes folk,M170,Cordes Guitares & Basses,Cordes Guitares Acoustiques / Folks,729790000000.0,CMA M170,Algam - Camac,Martin Guitars,4.05,6,24.3
180,44968,AQUILA - 21CH - Jeu de 5 cordes ronroco,21CH,Cordes Guitares & Basses,Autres Cordes,8052410000000.0,CAQ 21CH,Algam - Camac,Aquila,5.9,4,23.6
181,13357,SHUBB - AXYS - Bottleneck RÃ©versible pour Guitare,AXYS,Accessoires Guitares & Basses,"Bottlenecks, Tone Bars, Fretwraps",700683000000.0,ASB AX,Algam - Camac,Shubb,22.9,1,22.9
182,31389,IBANEZ - ISC1,ISC1,Accessoires Guitares & Basses,Accessoires Divers Guitares & Basses,4549760000000.0,ISC1,Hoshino,Ibanez,5.61,4,22.44
183,34085,LEVY'S - MC8JQ-001 - Sangle guitare et basse coton tissÃ©,MC8JQ-001,Accessoires Guitares & Basses,Sangles Guitares & Basses,734991000000.0,LEV-MC8JQ-001,HTD - High Tech Distribution,Levy's,22.22,1,22.22
184,39019,KIDAM - KG1001VI - Sangle guitare cuir,KG1001VI,Accessoires Guitares & Basses,Sangles Guitares & Basses,7506360000000.0,KID154,DIM France Audio,Kidam,21.68,1,21.68
185,17372,ERNIE BALL - AEB 9195,AEB 9195,Accessoires Guitares & Basses,MÃ©diators,749699000000.0,AEB 9195,Algam - Gaffarel,Ernie Ball,4.3,5,21.5
186,35544,ELIXIR - 19052 ELEC OPTIWEB L 10-46,19052,Cordes Guitares & Basses,Cordes Guitares Electriques,733132000000.0,CEL 19052,Algam - Camac,Elixir,10.75,2,21.5
187,35551,ELIXIR - 19102 ELEC OPTIWEB M 11-49,19102,Cordes Guitares & Basses,Cordes Guitares Electriques,733132000000.0,CEL 19102,Algam - Camac,Elixir,10.75,2,21.5
188,42263,MARK STRINGS - BALANCED 045-105 NICKEL PLATED STEEL - Jeu 4 cordes basse,BALANCED 045-105 NICKEL PLATED,Cordes Guitares & Basses,Cordes Basses Electriques,8033830000000.0,4S70425859001,Mogar,Mark Strings,20.93,1,20.93
189,44419,SAVAREZ - 514R,514R,Cordes Guitares & Basses,Cordes de Guitares Ã  lâUnitÃ©,698503000000.0,CSA 514R,Algam - Camac,Savarez,2.3,9,20.7
190,44423,SAVAREZ - 515R,515R,Cordes Guitares & Basses,Cordes de Guitares Ã  lâUnitÃ©,698503000000.0,CSA 515R,Algam - Camac,Savarez,2.3,9,20.7
191,7335,BLACKSTAR - FLY 103 EXTENTION CABINET,FLY 103,Amplificateurs Guitares Electriques,Baffles Guitares Electriques,845644000000.0,44157,Adagio,Blackstar,20.46,1,20.46
192,38386,ORTEGA - ONS50STD-BK - Courroie nylon noir,ONS50STD-BK,Accessoires Guitares & Basses,Sangles Guitares & Basses,840553000000.0,ONS50STD-BK,Saico - Ti,Ortega,5.08,4,20.32
193,13101,ERNIE BALL - 2824 - SUPER SLINKY BASS 5 40-125 - Cordes de Basse Ãlectrique - Jeu de 5,CEB 2824,Cordes Guitares & Basses,Cordes Basses Electriques,749699000000.0,CEB 2824,Algam - Gaffarel,Ernie Ball,20.3,1,20.3
194,44489,SAVAREZ - 506J,506J,Cordes Guitares & Basses,Cordes de Guitares Ã  lâUnitÃ©,698503000000.0,CSA 506J,Algam - Camac,Savarez,2.25,9,20.25
195,44496,SAVAREZ - 504J,504J,Cordes Guitares & Basses,Cordes de Guitares Ã  lâUnitÃ©,698503000000.0,CSA 504J,Algam - Camac,Savarez,2.25,9,20.25
196,44794,AUGUSTINE - ROUGE6-MI - Corde classique Ã  l'unitÃ© Mi 6 rouge file,ROUGE6-MI,Cordes Guitares & Basses,Cordes de Guitares Ã  lâUnitÃ©,639690000000.0,CAU ROUGE6-MI,Algam - Camac,Augustine,2.25,9,20.25
197,35368,ELIXIR - 12027 - Jeu de 6 cordes guitare Ã©lectrique,12027,Cordes Guitares & Basses,Cordes Guitares Electriques,733132000000.0,CEL 12027,Algam - Camac,Elixir,10.05,2,20.1
198,35379,ELIXIR - 12152 - Jeu de 6 cordes guitare Ã©lectrique,12152,Cordes Guitares & Basses,Cordes Guitares Electriques,733132000000.0,CEL 12152,Algam - Camac,Elixir,10.05,2,20.1
199,44788,AUGUSTINE - NOIR5-LA - Corde classique Ã  l'unitÃ© La 5 nylon noir standard,NOIR5-LA,Cordes Guitares & Basses,Cordes de Guitares Ã  lâUnitÃ©,639690000000.0,CAU NOIR5-LA,Algam - Camac,Augustine,1.65,12,19.8
200,31366,IBANEZ - IACS61C,IACS61C,Cordes Guitares & Basses,Cordes Guitares Acoustiques / Folks,4515280000000.0,IACS61C,Hoshino,Ibanez,6.32,3,18.96
201,12869,ERNIE BALL - 10754 - ALUMINUM BRONZE 54 - Corde de Guitare Acoustique - UnitÃ©,CEB 10754,Cordes Guitares & Basses,Cordes de Guitares Ã  lâUnitÃ©,749699000000.0,CEB 10754,Algam - Gaffarel,Ernie Ball,3.75,5,18.75
202,34490,LEVY'S - MSSW80-004 - Sangle guitare et basse tissu tressÃ©,MSSW80-004,Accessoires Guitares & Basses,Sangles Guitares & Basses,734991000000.0,LEV-MSSW80-004,HTD - High Tech Distribution,Levy's,18.74,1,18.74
203,31254,IBANEZ - BWS90 BASS WORKSHOP - Sangle basse,BWS90 BASS WORKSHOP,Accessoires Guitares & Basses,Sangles Guitares & Basses,4515280000000.0,BWS90,Hoshino,Ibanez,18.46,1,18.46
204,34133,LEVY'S - MDP-US - Sangles guitares et basses,MDP-US,Accessoires Guitares & Basses,Sangles Guitares & Basses,734991000000.0,LEV-MDP-US,HTD - High Tech Distribution,Levy's,18.05,1,18.05
205,35547,ELIXIR - 19062 LIGHT /8C,19062,Cordes Guitares & Basses,Cordes Guitares Electriques,733132000000.0,CEL 19062,Algam - Camac,Elixir,17.45,1,17.45
206,44787,AUGUSTINE - ROUGE5-LA - Corde classique Ã  l'unitÃ© La  5 rouge file,ROUGE5-LA,Cordes Guitares & Basses,Cordes de Guitares Ã  lâUnitÃ©,639690000000.0,CAU ROUGE5-LA,Algam - Camac,Augustine,1.9,9,17.1
207,44797,AUGUSTINE - BLEU4-RE - Corde classique Ã  l'untiÃ© Re 4 bleu file,BLEU4-RE,Cordes Guitares & Basses,Cordes de Guitares Ã  lâUnitÃ©,639690000000.0,CAU BLEU4-RE,Algam - Camac,Augustine,1.9,9,17.1
208,31303,IBANEZ - PPA16MSGDB,PPA16MSGDB,Accessoires Guitares & Basses,MÃ©diators,4515280000000.0,PPA16MSGDB,Hoshino,Ibanez,5.61,3,16.83
209,13089,ERNIE BALL - 2835 - EXTRA SLINKY NICKEL WOUND 40-95 - Cordes de Basse Ãlectrique - Jeu de 4,CEB 2835,Cordes Guitares & Basses,Cordes Basses Electriques,749699000000.0,CEB 2835,Algam - Gaffarel,Ernie Ball,16.75,1,16.75
210,13100,ERNIE BALL - 2834 - SUPER SLINKY NICKEL WOUND 45-100 - Cordes de Basse Ãlectrique - Jeu de 4,CEB 2834,Cordes Guitares & Basses,Cordes Basses Electriques,749699000000.0,CEB 2834,Algam - Gaffarel,Ernie Ball,16.75,1,16.75
211,34558,DUNLOP - DST7001RD,DST7001RD,Accessoires Guitares & Basses,Sangles Guitares & Basses,710137000000.0,ADU DST7001RD,Algam - Camac,Dunlop,16.7,1,16.7
212,22254,ORANGE - CBL40-HPJJ,CBL40-HPJJ,Accessoires Guitares & Basses,CÃ¢bles Instruments,5060300000000.0,ORA-CBL40-HPJJ,HTD - High Tech Distribution,Orange,16.67,1,16.67
213,34006,LEVY'S - M4-BLK - Sangles guitares et basses,M4-BLK,Accessoires Guitares & Basses,Sangles Guitares & Basses,734990000000.0,LEV-M4-BLK,HTD - High Tech Distribution,Levy's,16.66,1,16.66
214,44420,SAVAREZ - 514J,514J,Cordes Guitares & Basses,Cordes de Guitares Ã  lâUnitÃ©,698503000000.0,CSA 514J,Algam - Camac,Savarez,2.3,7,16.1
215,33981,LEVY'S - M26-XL-BLK - Sangle guitare et basse cuir,M26-XL-BLK,Accessoires Guitares & Basses,Sangles Guitares & Basses,734990000000.0,LEV-M26-XL-BLK,HTD - High Tech Distribution,Levy's,16.02,1,16.02
216,38833,ERNIE BALL - 5328 - Sangle Guitare Racer Yellow,5328,Accessoires Guitares & Basses,Sangles Guitares & Basses,749699000000.0,AEB 5328,Algam - Gaffarel,Ernie Ball,16.0,1,16.0
217,39084,DUNLOP - 5400 U CHIFFON COTON,5400 U CHIFFON COTON,Accessoires Guitares & Basses,Outils et Entretien,,ADU 5400 U,Algam - Camac,Dunlop,2.63,6,15.78
218,12867,ERNIE BALL - 10750 - ALUMINUM BRONZE 50 - Corde de Guitare Acoustique - UnitÃ©,CEB 10750,Cordes Guitares & Basses,Cordes de Guitares Ã  lâUnitÃ©,749699000000.0,CEB 10750,Algam - Gaffarel,Ernie Ball,3.75,4,15.0
219,44892,AQUILA - 135U - Cordes ukulÃ©lÃ©,135U,Cordes Guitares & Basses,Cordes UkulÃ©lÃ©s,8052410000000.0,CAQ 135U,Algam - Camac,Aquila,1.65,9,14.85
220,34264,LEVY'S - MPJR-001 - SANGLES GUITARES ET BASSES,MPJR-001,Accessoires Guitares & Basses,Sangles Guitares & Basses,734991000000.0,LEV-MPJR-001,HTD - High Tech Distribution,Levy's,14.69,1,14.69
221,34265,LEVY'S - MPJR-002 - SANGLES GUITARES ET BASSES,MPJR-002,Accessoires Guitares & Basses,Sangles Guitares & Basses,734991000000.0,LEV-MPJR-002,HTD - High Tech Distribution,Levy's,14.69,1,14.69
222,34266,LEVY'S - MPJR-003 - SANGLES GUITARES ET BASSES,MPJR-003,Accessoires Guitares & Basses,Sangles Guitares & Basses,734991000000.0,LEV-MPJR-003,HTD - High Tech Distribution,Levy's,14.69,1,14.69
223,38943,KIDAM - K5203RA - Sangle guitare motifs rouge,K5203RA,Accessoires Guitares & Basses,Sangles Guitares & Basses,7506360000000.0,KID043,DIM France Audio,Kidam,14.45,1,14.45
224,38944,KIDAM - K5203DR - Sangle guitare motifs rouge,K5203DR,Accessoires Guitares & Basses,Sangles Guitares & Basses,7506360000000.0,KID044,DIM France Audio,Kidam,14.45,1,14.45
225,12883,ERNIE BALL - 3004 - EARTHWOOD LIGHT 11-52 - Cordes de Guitare Acoustique - Lot de 3 jeux de 6,CEB 3004,Cordes Guitares & Basses,Cordes Guitares Acoustiques / Folks,749699000000.0,CEB 3004,Algam - Gaffarel,Ernie Ball,13.52,1,13.52
226,35515,ELIXIR - 16102 PHOS.BRONZE. M 13-56,16102,Cordes Guitares & Basses,Cordes Guitares Acoustiques / Folks,733132000000.0,CEL 16102,Algam - Camac,Elixir,13.45,1,13.45
227,35518,ELIXIR - 16182 HD LIGHT BZE 13-53,16182,Cordes Guitares & Basses,Cordes Guitares Acoustiques / Folks,733132000000.0,CEL 16182,Algam - Camac,Elixir,13.45,1,13.45
228,38951,KIDAM - K7501NC - Sangle guitare nat/cafÃ©,K7501NC,Accessoires Guitares & Basses,Sangles Guitares & Basses,7506360000000.0,KID051,DIM France Audio,Kidam,13.34,1,13.34
229,35345,ELIXIR - 11025 POLYWEB CL 11-52,11025,Cordes Guitares & Basses,Cordes Guitares Acoustiques / Folks,733132000000.0,CEL 11025,Algam - Camac,Elixir,12.75,1,12.75
230,35349,ELIXIR - 11050 POLYWEB L 12-53,11050,Cordes Guitares & Basses,Cordes Guitares Acoustiques / Folks,733132000000.0,CEL 11050,Algam - Camac,Elixir,12.75,1,12.75
231,35360,ELIXIR - 11182 HD LIGHT PB 13-53,11182,Cordes Guitares & Basses,Cordes Guitares Acoustiques / Folks,733132000000.0,CEL 11182,Algam - Camac,Elixir,12.75,1,12.75
232,38389,ORTEGA - OGSHK-BK - Courroie rosace classique noir,OGSHK-BK,Accessoires Guitares & Basses,Sangles Guitares & Basses,840553000000.0,OGSHK-BK,Saico - Ti,Ortega,6.35,2,12.7
233,12933,ERNIE BALL - 1862 - EARTHWOOD PHOSPHOR BRONZE 62 - Corde de Guitare Acoustique - UnitÃ©,CEB 1862,Cordes Guitares & Basses,Cordes de Guitares Ã  lâUnitÃ©,749699000000.0,CEB 1862,Algam - Gaffarel,Ernie Ball,2.1,6,12.6
234,35457,ELIXIR - 15147 NANOWEB 047,15147,Cordes Guitares & Basses,Cordes de Guitares Ã  lâUnitÃ©,733132000000.0,CEL 15147,Algam - Camac,Elixir,4.2,3,12.6
235,12845,ERNIE BALL - EEB 6059,EEB 6059,Accessoires Guitares & Basses,CÃ¢bles de Patch,749699000000.0,EEB 6059,Algam - Gaffarel,Ernie Ball,12.3,1,12.3
236,12911,ERNIE BALL - 2151 - EARTHWOOD PHOSPHOR ROCK & BLUES 10-52 - Cordes de Guitare Acoustique - Jeu,CEB 2151,Cordes Guitares & Basses,Cordes Guitares Acoustiques / Folks,749699000000.0,CEB 2151,Algam - Gaffarel,Ernie Ball,6.0,2,12.0
237,12972,ERNIE BALL - 10232 - EVERLAST COATED PHOSPHOR BRONZE 32 - Corde de Guitare Acoustique - UnitÃ©,CEB 10232,Cordes Guitares & Basses,Cordes de Guitares Ã  lâUnitÃ©,749699000000.0,CEB 10232,Algam - Gaffarel,Ernie Ball,2.35,5,11.75
238,51141,SNARK - SUPER TIGHT 2 - accordeur,SUPER TIGHT 2,Accessoires Guitares & Basses,Accordeurs,611820000000.0,677856,Adagio,Snark,11.52,1,11.52
239,44488,SAVAREZ - 526J,526J,Cordes Guitares & Basses,Cordes de Guitares Ã  lâUnitÃ©,698503000000.0,CSA 526J,Algam - Camac,Savarez,2.25,5,11.25
240,31296,IBANEZ - PPA14MSGWH,PPA14MSGWH,Accessoires Guitares & Basses,MÃ©diators,4515280000000.0,PPA14MSGWH,Hoshino,Ibanez,5.61,2,11.22
241,13063,ERNIE BALL - 10699 - SLINKY COBALT 110 - Corde de Basse Ãlectrique - UnitÃ©,CEB 10699,Cordes Guitares & Basses,Cordes de Basses Ã  lâUnitÃ©,749699000000.0,CEB 10699,Algam - Gaffarel,Ernie Ball,11.05,1,11.05
242,44767,ARGENTINE - 1213 - Corde Jazz Ã  Boule 3e Acier FilÃ© MÃ©tal ArgentÃ©,1213,Cordes Guitares & Basses,Cordes de Guitares Ã  lâUnitÃ©,698503000000.0,CAR 1213,Algam - Camac,Argentine,1.55,7,10.85
243,37878,KEIKI - KNS-EM-U - Courroie ukulele el muerto,KNS-EM-U,Accessoires Guitares & Basses,Sangles Guitares & Basses,840553000000.0,KNS-EM-U,Saico - Ti,Keiki,10.84,1,10.84
244,35259,DIMARZIO - DM2001PK - Capot pour simple bobinage Ã  annulation de bruit de fond - set 3 piÃ¨ces - Rose,DM2001PK,Accessoires Guitares & Basses,PiÃ¨ces dÃ©tachÃ©es,663334000000.0,,Mogar,DiMarzio,10.61,1,10.61
245,38955,KIDAM - K7301AR - Sangle guitare beige,K7301AR,Accessoires Guitares & Basses,Sangles Guitares & Basses,7506360000000.0,KID074,DIM France Audio,Kidam,10.56,1,10.56
246,38956,KIDAM - K7301AM - Sangle guitare bleu marine,K7301AM,Accessoires Guitares & Basses,Sangles Guitares & Basses,7506360000000.0,KID075,DIM France Audio,Kidam,10.56,1,10.56
247,38957,KIDAM - K7301CA - Sangle guitare cafÃ©,K7301CA,Accessoires Guitares & Basses,Sangles Guitares & Basses,7506360000000.0,KID076,DIM France Audio,Kidam,10.56,1,10.56
248,38960,KIDAM - K7301AVI - Sangle guitare bordeaux,K7301AVI,Accessoires Guitares & Basses,Sangles Guitares & Basses,7506360000000.0,KID079,DIM France Audio,Kidam,10.56,1,10.56
249,38961,KIDAM - K7301NA - Sangle guitare rouge,K7301NA,Accessoires Guitares & Basses,Sangles Guitares & Basses,7506360000000.0,KID080,DIM France Audio,Kidam,10.56,1,10.56
250,38962,KIDAM - K7301GR - Sangle guitare gris,K7301GR,Accessoires Guitares & Basses,Sangles Guitares & Basses,7506360000000.0,KID081,DIM France Audio,Kidam,10.56,1,10.56
251,39005,KIDAM - K7004IN - Sangle guitare tissus,K7004IN,Accessoires Guitares & Basses,Sangles Guitares & Basses,7506360000000.0,KID137,DIM France Audio,Kidam,10.56,1,10.56
252,38265,ORTEGA - OCST-1BK - Accordeur rosace,OCST-1BK,Accessoires Guitares & Basses,Accordeurs,840553000000.0,OCST-1BK,Saico - Ti,Ortega,10.3,1,10.3
253,38399,ORTEGA - OUS-PALM - Courroie ukulele palm island,OUS-PALM,Accessoires Guitares & Basses,Sangles Guitares & Basses,840553000000.0,OUS-PALM,Saico - Ti,Ortega,10.22,1,10.22
254,38401,ORTEGA - OUS-SUN - Courroie ukulele sundown,OUS-SUN,Accessoires Guitares & Basses,Sangles Guitares & Basses,840553000000.0,OUS-SUN,Saico - Ti,Ortega,10.22,1,10.22
255,49594,DR STRINGS - NBE-11 - Set 6 cordes guitare Ã©lectrique bleu nÃ©on,NBE-11,Cordes Guitares & Basses,Cordes Guitares Electriques,600781000000.0,DRS-NBE-11,HTD - High Tech Distribution,DR Strings,10.16,1,10.16
256,44799,AUGUSTINE - NOIR4-RE - Corde classique Ã  l'unitÃ© Re 4 nylon noir standard,NOIR4-RE,Cordes Guitares & Basses,Cordes de Guitares Ã  lâUnitÃ©,639690000000.0,CAU NOIR4-RE,Algam - Camac,Augustine,1.45,7,10.15
257,35364,ELIXIR - 12002 - Jeu de 6 cordes guitare Ã©lectrique,12002,Cordes Guitares & Basses,Cordes Guitares Electriques,733132000000.0,CEL 12002,Algam - Camac,Elixir,10.05,1,10.05
258,35375,ELIXIR - 12077 - Jeu de 6 cordes guitare Ã©lectrique,12077,Cordes Guitares & Basses,Cordes Guitares Electriques,733132000000.0,CEL 12077,Algam - Camac,Elixir,10.05,1,10.05
259,35376,ELIXIR - 12100 - Jeu de 6 cordes guitare Ã©lectrique,12100,Cordes Guitares & Basses,Cordes Guitares Electriques,733132000000.0,CEL 12100,Algam - Camac,Elixir,10.05,1,10.05
260,35377,ELIXIR - 12102 - Jeu de 6 cordes guitare Ã©lectrique,12102,Cordes Guitares & Basses,Cordes Guitares Electriques,733132000000.0,CEL 12102,Algam - Camac,Elixir,10.05,1,10.05
261,35380,ELIXIR - 12302 - Jeu de 6 cordes baryton guitare Ã©lectrique,12302,Cordes Guitares & Basses,Cordes Guitares Electriques,733132000000.0,CEL 12302,Algam - Camac,Elixir,10.05,1,10.05
262,17398,ERNIE BALL - AEB 9601 - Capodastre,AEB 9601,Accessoires Guitares & Basses,Capodastres,749699000000.0,AEB 9601,Algam - Gaffarel,Ernie Ball,9.85,1,9.85
263,12941,ERNIE BALL - 2554 - EVERLAST COATED MEDIUM 13-56 -  Cordes de Guitare Acoustique - Jeu de 6,CEB 2554,Cordes Guitares & Basses,Cordes Guitares Acoustiques / Folks,749699000000.0,CEB 2554,Algam - Gaffarel,Ernie Ball,9.8,1,9.8
264,12962,ERNIE BALL - 2550 - EVERLAST PHOSPHOR EXTRA LIGHT 10-50 - Cordes de Guitare Acoustique - Jeu,CEB 2550,Cordes Guitares & Basses,Cordes Guitares Acoustiques / Folks,749699000000.0,CEB 2550,Algam - Gaffarel,Ernie Ball,9.8,1,9.8
265,12963,ERNIE BALL - 2548 - EVERLAST PHOSPHOR LIGHT 11-52 - Cordes de Guitare Acoustique - Jeu,CEB 2548,Cordes Guitares & Basses,Cordes Guitares Acoustiques / Folks,749699000000.0,CEB 2548,Algam - Gaffarel,Ernie Ball,9.8,1,9.8
266,12856,ERNIE BALL - 10722 - ALUMINUM BRONZE 22 - Corde de Guitare Acoustique - UnitÃ©,CEB 10722,Cordes Guitares & Basses,Cordes de Guitares Ã  lâUnitÃ©,749699000000.0,CEB 10722,Algam - Gaffarel,Ernie Ball,1.9,5,9.5
267,12966,ERNIE BALL - 10220 - EVERLAST COATED PHOSPHOR BRONZE 20 - Corde de Guitare Acoustique - UnitÃ©,CEB 10220,Cordes Guitares & Basses,Cordes de Guitares Ã  lâUnitÃ©,749699000000.0,CEB 10220,Algam - Gaffarel,Ernie Ball,1.9,5,9.5
268,12862,ERNIE BALL - 10734 - ALUMINUM BRONZE 34 - Corde de Guitare Acoustique - UnitÃ©,CEB 10734,Cordes Guitares & Basses,Cordes de Guitares Ã  lâUnitÃ©,749699000000.0,CEB 10734,Algam - Gaffarel,Ernie Ball,2.35,4,9.4
269,13059,ERNIE BALL - 10690 - SLINKY COBALT 90 - Corde de Basse Ãlectrique - UnitÃ©,CEB 10690,Cordes Guitares & Basses,Cordes de Basses Ã  lâUnitÃ©,749699000000.0,CEB 10690,Algam - Gaffarel,Ernie Ball,9.3,1,9.3
270,50983,"MARSHALL - BiÃ¨re 6,8 pourcent - 1 bouteille 33cl",BMA FSIPA12X33B-DA UNITE,Accessoires Guitares & Basses,Accessoires Divers Guitares & Basses,,BMA FSIPA12X33B-DA-UNITE,Algam - Gaffarel,Marshall,1.81,5,9.05
271,42631,ERNIE BALL - 2722 - Jeu de cordes guitare Ã©lectrique Hybrid slinky 09-11-16-26-36-46,2722,Cordes Guitares & Basses,Cordes Guitares Electriques,749699000000.0,CEB 2722,Algam - Gaffarel,Ernie Ball,9.05,1,9.05
272,44484,SAVAREZ - 526R,526R,Cordes Guitares & Basses,Cordes de Guitares Ã  lâUnitÃ©,698503000000.0,CSA 526R,Algam - Camac,Savarez,2.25,4,9.0
273,10733,DUNLOP - PACK DE 12 MEDIATORS TORTEX STANDARD 0.73MM,418P73,Accessoires Guitares & Basses,MÃ©diators,710137000000.0,ADU 418P73,Algam - Camac,Dunlop,4.35,2,8.7
274,44442,SAVAREZ - BRH66,BRH66,Cordes Guitares & Basses,Autres Cordes,,CSA BRH66,Algam - Camac,Savarez,8.65,1,8.65
275,49563,DR STRINGS - MD-10 - Jeu de 4 Cordes mandoline,MD-10,Cordes Guitares & Basses,Cordes Mandolines,600781000000.0,DRS-MD-10,HTD - High Tech Distribution,DR Strings,8.46,1,8.46
276,12934,ERNIE BALL - 1864 - EARTHWOOD PHOSPHOR BRONZE 64 - Corde de Guitare Acoustique x6,CEB 1864,Cordes Guitares & Basses,Cordes de Guitares Ã  lâUnitÃ©,749699000000.0,CEB 1864,Algam - Gaffarel,Ernie Ball,2.1,4,8.4
277,12935,ERNIE BALL - 1866 - EARTHWOOD PHOSPHOR BRONZE 66 - Corde de Guitare Acoustique - UnitÃ©,CEB 1866,Cordes Guitares & Basses,Cordes de Guitares Ã  lâUnitÃ©,749699000000.0,CEB 1866,Algam - Gaffarel,Ernie Ball,2.1,4,8.4
278,13083,ERNIE BALL - 10870 - SLINKY FLATWOUND 70 - Corde de Basse Ãlectrique - UnitÃ©,CEB 10870,Cordes Guitares & Basses,Cordes de Basses Ã  lâUnitÃ©,749699000000.0,CEB 10870,Algam - Gaffarel,Ernie Ball,8.4,1,8.4
279,19382,FLIGHT - POLYESTER SURF,POLYESTER SURF,Accessoires Guitares & Basses,Sangles Guitares & Basses,3831120000000.0,ALMS35SURF,Hal Leonard,Flight,8.39,1,8.39
280,12851,ERNIE BALL - 2570 - ALUMINUM BRONZE EXTRA LIGHT 10-50- Cordes de Guitare Acoustique - Jeu de 6,CEB 2570,Cordes Guitares & Basses,Cordes Guitares Acoustiques / Folks,749699000000.0,CEB 2570,Algam - Gaffarel,Ernie Ball,8.35,1,8.35
281,13079,ERNIE BALL - 10850 - SLINKY FLATWOUND 50 - Corde de Basse Ãlectrique - UnitÃ©,CEB 10850,Cordes Guitares & Basses,Cordes de Basses Ã  lâUnitÃ©,749699000000.0,CEB 10850,Algam - Gaffarel,Ernie Ball,7.85,1,7.85
282,12904,ERNIE BALL - 1454 - EARTHWOOD 80/20 BRONZE 54 - Corde de Guitare Acoustique - UnitÃ©,CEB 1454,Cordes Guitares & Basses,Cordes de Guitares Ã  lâUnitÃ©,749699000000.0,CEB 1454,Algam - Gaffarel,Ernie Ball,1.3,6,7.8
283,38927,KIDAM - K4003AZ - Sangle guitare jeans,K4003AZ,Accessoires Guitares & Basses,Sangles Guitares & Basses,7506360000000.0,KID020,DIM France Audio,Kidam,7.78,1,7.78
284,38579,ORTEGA - UKA-CC - Jeu cordes ukulele concert,UKA-CC,Cordes Guitares & Basses,Cordes UkulÃ©lÃ©s,842960000000.0,UKA-CC,Saico - Ti,Ortega,2.54,3,7.62
285,12855,ERNIE BALL - 10720 - ALUMINUM BRONZE 20 - Corde de Guitare Acoustique - UnitÃ©,CEB 10720,Cordes Guitares & Basses,Cordes de Guitares Ã  lâUnitÃ©,749699000000.0,CEB 10720,Algam - Gaffarel,Ernie Ball,1.9,4,7.6
286,22573,BOSS - BMIDI-2-35,BMIDI-2-35,Accessoires Guitares & Basses,CÃ¢bles de Patch,4957050000000.0,BMIDI-2-35,Roland,Boss,7.6,1,7.6
287,12915,ERNIE BALL - 1826 - EARTHWOOD PHOSPHOR BRONZE 26 - Corde de Guitare Acoustique - UnitÃ©,CEB 1826,Cordes Guitares & Basses,Cordes de Guitares Ã  lâUnitÃ©,749699000000.0,CEB 1826,Algam - Gaffarel,Ernie Ball,1.2,6,7.2
288,44871,AQUILA - 116U - Cordes ukulÃ©lÃ©,116U,Cordes Guitares & Basses,Cordes UkulÃ©lÃ©s,8052410000000.0,CAQ 116U,Algam - Camac,Aquila,7.1,1,7.1
289,12923,ERNIE BALL - 1842 - EARTHWOOD PHOSPHOR BRONZE 42 - Corde de Guitare Acoustique - UnitÃ©,CEB 1842,Cordes Guitares & Basses,Cordes de Guitares Ã  lâUnitÃ©,749699000000.0,CEB 1842,Algam - Gaffarel,Ernie Ball,1.4,5,7.0
290,31281,IBANEZ - ISB4 - Straps blocks noirs,ISB4,Accessoires Guitares & Basses,PiÃ¨ces dÃ©tachÃ©es,4549760000000.0,ISB4-BK,Hoshino,Ibanez,3.48,2,6.96
291,38936,KIDAM - K4021R - Sangle guitare nylon,K4021R,Accessoires Guitares & Basses,Sangles Guitares & Basses,7506360000000.0,KID031,DIM France Audio,Kidam,6.83,1,6.83
292,38938,KIDAM - K4021V - Sangle guitare nylon,K4021V,Accessoires Guitares & Basses,Sangles Guitares & Basses,7506360000000.0,KID033,DIM France Audio,Kidam,6.83,1,6.83
293,38918,KIDAM - K3005VI - Sangle guitare bordeaux,K3005VI,Accessoires Guitares & Basses,Sangles Guitares & Basses,7506360000000.0,KID010,DIM France Audio,Kidam,6.67,1,6.67
294,38920,KIDAM - K3005CA - Sangle guitare cafÃ©,K3005CA,Accessoires Guitares & Basses,Sangles Guitares & Basses,7506360000000.0,KID012,DIM France Audio,Kidam,6.67,1,6.67
295,38921,KIDAM - K3005PL - Sangle guitare argent,K3005PL,Accessoires Guitares & Basses,Sangles Guitares & Basses,7506360000000.0,KID014,DIM France Audio,Kidam,6.67,1,6.67
296,38923,KIDAM - K3005AT - Sangle guitare turquoise,K3005AT,Accessoires Guitares & Basses,Sangles Guitares & Basses,7506360000000.0,KID016,DIM France Audio,Kidam,6.67,1,6.67
297,38924,KIDAM - K3005AR - Sangle guitare bleu roi,K3005AR,Accessoires Guitares & Basses,Sangles Guitares & Basses,7506360000000.0,KID017,DIM France Audio,Kidam,6.67,1,6.67
298,12936,ERNIE BALL - 1868 - EARTHWOOD PHOSPHOR BRONZE 68 - Corde de Guitare Acoustique - UnitÃ©,CEB 1868,Cordes Guitares & Basses,Cordes de Guitares Ã  lâUnitÃ©,749699000000.0,CEB 1868,Algam - Gaffarel,Ernie Ball,2.2,3,6.6
299,12929,ERNIE BALL - 1854 - EARTHWOOD PHOSPHOR BRONZE 54 - Corde de Guitare Acoustique - UnitÃ©,CEB 1854,Cordes Guitares & Basses,Cordes de Guitares Ã  lâUnitÃ©,749699000000.0,CEB 1854,Algam - Gaffarel,Ernie Ball,1.65,4,6.6
300,34062,LEVY'S - M8POLY-PRP - Sangles guitares et basses,M8POLY-PRP,Accessoires Guitares & Basses,Sangles Guitares & Basses,734991000000.0,LEV-M8POLY-PRP,HTD - High Tech Distribution,Levy's,6.59,1,6.59
301,34064,LEVY'S - M8POLY-RNB - Sangle guitare et basse polypropylene rainbow,M8POLY-RNB,Accessoires Guitares & Basses,Sangles Guitares & Basses,734991000000.0,LEV-M8POLY-RNB,HTD - High Tech Distribution,Levy's,6.59,1,6.59
302,31270,IBANEZ - GSF50 BROWN - Sangle pour guitare,GSF50 BROWN,Accessoires Guitares & Basses,Sangles Guitares & Basses,4515280000000.0,GSF50-BR,Hoshino,Ibanez,6.32,1,6.32
303,25329,ERNIE BALL - 2145 EARTHWOOD CUSTOM LIGHT PHOSPHORE BRONZE,2145 EARTHWOOD CUSTOM LIGHT,Cordes Guitares & Basses,Cordes Guitares Acoustiques / Folks,749699000000.0,CEB 2145,Algam - Gaffarel,Ernie Ball,6.05,1,6.05
304,12909,ERNIE BALL - 2144 - EARTHWOOD PHOSPHOR MEDIUM 13-56 - Cordes de Guitare Acoustique - Jeu,CEB 2144,Cordes Guitares & Basses,Cordes Guitares Acoustiques / Folks,749699000000.0,CEB 2144,Algam - Gaffarel,Ernie Ball,6.0,1,6.0
305,12858,ERNIE BALL - 10726 - ALUMINUM BRONZE 26 - Corde de Guitare Acoustique - UnitÃ©,CEB 10726,Cordes Guitares & Basses,Cordes de Guitares Ã  lâUnitÃ©,749699000000.0,CEB 10726,Algam - Gaffarel,Ernie Ball,1.9,3,5.7
306,12859,ERNIE BALL - 10728 - ALUMINUM BRONZE 28 - Corde de Guitare Acoustique - UnitÃ©,CEB 10728,Cordes Guitares & Basses,Cordes de Guitares Ã  lâUnitÃ©,749699000000.0,CEB 10728,Algam - Gaffarel,Ernie Ball,1.9,3,5.7
307,12945,ERNIE BALL - 10324 - EVERLAST COATED 24 - Corde de Guitare Acoustique - UnitÃ©,CEB 10324,Cordes Guitares & Basses,Cordes de Guitares Ã  lâUnitÃ©,749699000000.0,CEB 10324,Algam - Gaffarel,Ernie Ball,1.9,3,5.7
308,31312,IBANEZ - PPA16XSG BK,PPA16XSG BK,Accessoires Guitares & Basses,MÃ©diators,4515280000000.0,PPA16XSGBK,Hoshino,Ibanez,5.61,1,5.61
309,31348,IBANEZ - IEGS62,IEGS62,Cordes Guitares & Basses,Cordes Guitares Electriques,4515280000000.0,IEGS62,Hoshino,Ibanez,5.61,1,5.61
310,12926,ERNIE BALL - 1848 - EARTHWOOD PHOSPHOR BRONZE 48 - Corde de Guitare Acoustique - UnitÃ©,CEB 1848,Cordes Guitares & Basses,Cordes de Guitares Ã  lâUnitÃ©,749699000000.0,CEB 1848,Algam - Gaffarel,Ernie Ball,1.4,4,5.6
311,31347,IBANEZ - PGS12,PGS12,Accessoires Guitares & Basses,MÃ©diators,4549760000000.0,PGS12,Hoshino,Ibanez,2.77,2,5.54
312,44748,ARGENTINE - 1011 - Corde Jazz Ã  Boucle 1e Acier Nu,1011,Cordes Guitares & Basses,Cordes de Guitares Ã  lâUnitÃ©,698503000000.0,CAR 1011,Algam - Camac,Argentine,0.75,7,5.25
313,12887,ERNIE BALL - 1424 - EARTHWOOD 80/20 BRONZE 24 - Corde de Guitare Acoustique - UnitÃ©,CEB 1424,Cordes Guitares & Basses,Cordes de Guitares Ã  lâUnitÃ©,749699000000.0,CEB 1424,Algam - Gaffarel,Ernie Ball,1.05,5,5.25
314,21691,ERNIE BALL - 2215 - CUSTOM GAUGE NICKEL - 6 Cordes de Guitare Electrique,CEB 2215,Cordes Guitares & Basses,Cordes Guitares Electriques,749699000000.0,CEB 2215,Algam - Gaffarel,Ernie Ball,5.25,1,5.25
315,12917,ERNIE BALL - 1830 - EARTHWOOD PHOSPHOR BRONZE 30 - Corde de Guitare Acoustique - UnitÃ©,CEB 1830,Cordes Guitares & Basses,Cordes de Guitares Ã  lâUnitÃ©,749699000000.0,CEB 1830,Algam - Gaffarel,Ernie Ball,1.3,4,5.2
316,12810,ERNIE BALL - AEB 4119,AEB 4119,Accessoires Guitares & Basses,Outils et Entretien,749699000000.0,AEB 4119,Algam - Gaffarel,Ernie Ball,2.45,2,4.9
317,42405,FLIGHT - FRST 200 - Cordes UkulÃ©lÃ© tÃ©nor,FRST 200,Cordes Guitares & Basses,Cordes UkulÃ©lÃ©s,3831120000000.0,ALMFRST200,Hal Leonard,Flight,4.87,1,4.87
318,12912,ERNIE BALL - 1820 - EARTHWOOD PHOSPHOR BRONZE 20 - Corde de Guitare Acoustique - UnitÃ©,CEB 1820,Cordes Guitares & Basses,Cordes de Guitares Ã  lâUnitÃ©,749699000000.0,CEB 1820,Algam - Gaffarel,Ernie Ball,1.2,4,4.8
319,12916,ERNIE BALL - 1828 - EARTHWOOD PHOSPHOR BRONZE 28 - Corde de Guitare Acoustique - UnitÃ©,CEB 1828,Cordes Guitares & Basses,Cordes de Guitares Ã  lâUnitÃ©,749699000000.0,CEB 1828,Algam - Gaffarel,Ernie Ball,1.2,4,4.8
320,38438,"ORTEGA - OERP - Film protege table, transparent",OERP,Accessoires Guitares & Basses,PiÃ¨ces dÃ©tachÃ©es,840553000000.0,OERP,Saico - Ti,Ortega,4.77,1,4.77
321,12971,ERNIE BALL - 10230 - EVERLAST COATED PHOSPHOR BRONZE 30 - Corde de Guitare Acoustique - UnitÃ©,CEB 10230,Cordes Guitares & Basses,Cordes de Guitares Ã  lâUnitÃ©,749699000000.0,CEB 10230,Algam - Gaffarel,Ernie Ball,2.35,2,4.7
322,23968,ERNIE BALL - 2217 ZIPPY SLINKY,2217 ZIPPY SLINKY,Cordes Guitares & Basses,Cordes Guitares Electriques,749699000000.0,CEB 2217,Algam - Gaffarel,Ernie Ball,4.7,1,4.7
323,53249,DUNLOP - DHCN1254 - Jeu de 6 cordes guitare Ã©lectrique,DHCN1254,Cordes Guitares & Basses,Cordes Guitares Electriques,710137000000.0,CDU DHCN1254,Algam - Camac,Dunlop,4.65,1,4.65
324,12894,ERNIE BALL - 1436 - EARTHWOOD 80/20 BRONZE 36 - Corde de Guitare Acoustique - UnitÃ©,CEB 1436,Cordes Guitares & Basses,Cordes de Guitares Ã  lâUnitÃ©,749699000000.0,CEB 1436,Algam - Gaffarel,Ernie Ball,1.15,4,4.6
325,10633,DUNLOP - PACK DE 12 MEDIATORS TORTEX SHARP 1.14MM,412P114,Accessoires Guitares & Basses,MÃ©diators,710137000000.0,ADU 412P114,Algam - Camac,Dunlop,4.35,1,4.35
326,56446,"DUNLOP - 483P02MD - MÃ©diator Celluloid, player's pack de 12, black perloid, medium",483P02MD,Accessoires Guitares & Basses,MÃ©diators,710137000000.0,ADU 483P02MD,Algam - Camac,Dunlop,4.35,1,4.35
327,44639,MARTIN GUITARS - M465 - 8 cordes mandoline,M465,Cordes Guitares & Basses,Cordes Mandolines,729790000000.0,CMA M465,Algam - Camac,Martin Guitars,4.3,1,4.3
328,12885,ERNIE BALL - 1420 - EARTHWOOD 80/20 BRONZE 20 - Corde de Guitare Acoustique - UnitÃ©,CEB 1420,Cordes Guitares & Basses,Cordes de Guitares Ã  lâUnitÃ©,749699000000.0,CEB 1420,Algam - Gaffarel,Ernie Ball,1.05,4,4.2
329,12925,ERNIE BALL - 1846 - EARTHWOOD PHOSPHOR BRONZE 46 - Corde de Guitare Acoustique - UnitÃ©,CEB 1846,Cordes Guitares & Basses,Cordes de Guitares Ã  lâUnitÃ©,749699000000.0,CEB 1846,Algam - Gaffarel,Ernie Ball,1.4,3,4.2
330,44743,ARGENTINE - 1042 - Corde Mandoline 2e Acier Nu,1042,Cordes Guitares & Basses,Cordes Mandolines,698503000000.0,CAR 1042,Algam - Camac,Argentine,0.65,6,3.9
331,44752,ARGENTINE - 1041 - Corde Mandoline 1e Acier Nu,1041,Cordes Guitares & Basses,Cordes Mandolines,698503000000.0,CAR 1041,Algam - Camac,Argentine,0.65,6,3.9
332,12902,ERNIE BALL - 1450 - EARTHWOOD 80/20 BRONZE 50 - Corde de Guitare Acoustique - UnitÃ©,CEB 1450,Cordes Guitares & Basses,Cordes de Guitares Ã  lâUnitÃ©,749699000000.0,CEB 1450,Algam - Gaffarel,Ernie Ball,1.3,3,3.9
333,12967,ERNIE BALL - 10222 - EVERLAST COATED PHOSPHOR BRONZE 22 - Corde de Guitare Acoustique - UnitÃ©,CEB 10222,Cordes Guitares & Basses,Cordes de Guitares Ã  lâUnitÃ©,749699000000.0,CEB 10222,Algam - Gaffarel,Ernie Ball,1.9,2,3.8
334,21145,ERNIE BALL - 1170 - CUSTOM GAUGE NICKEL - Cordes de Guitare Electrique - UnitÃ©,CEB 1170,Cordes Guitares & Basses,Cordes de Guitares Ã  lâUnitÃ©,749699000000.0,CEB 1170,Algam - Gaffarel,Ernie Ball,1.9,2,3.8
335,31318,IBANEZ - BEL4ST22,BEL4ST22,Accessoires Guitares & Basses,MÃ©diators,4515280000000.0,BEL4ST22,Hoshino,Ibanez,3.69,1,3.69
336,12913,ERNIE BALL - 1822 - EARTHWOOD PHOSPHOR BRONZE 22 - Corde de Guitare Acoustique - UnitÃ©,CEB 1822,Cordes Guitares & Basses,Cordes de Guitares Ã  lâUnitÃ©,749699000000.0,CEB 1822,Algam - Gaffarel,Ernie Ball,1.2,3,3.6
337,12890,ERNIE BALL - 1428 - EARTHWOOD 80/20 BRONZE 28 - Corde de Guitare Acoustique - UnitÃ©,CEB 1428,Cordes Guitares & Basses,Cordes de Guitares Ã  lâUnitÃ©,749699000000.0,CEB 1428,Algam - Gaffarel,Ernie Ball,1.05,3,3.15
338,35255,DIMARZIO - DM1301BK - Chassis humbucker chevalet - Noir,DM1301BK,Accessoires Guitares & Basses,PiÃ¨ces dÃ©tachÃ©es,663334000000.0,,Mogar,DiMarzio,3.08,1,3.08
339,38583,ORTEGA - UKA-SO - Jeu cordes ukulele soprano,UKA-SO,Cordes Guitares & Basses,Cordes UkulÃ©lÃ©s,842960000000.0,UKA-SO,Saico - Ti,Ortega,2.54,1,2.54
340,15437,YELLOW PARTS - EZ1198A - PotentiomÃ¨tres,EZ1198A,Accessoires Guitares & Basses,PiÃ¨ces dÃ©tachÃ©es Ã©lectroniques,3700170000000.0,ADI EZ1198A,Algam - Camac,Yellow Parts,2.45,1,2.45
341,12896,ERNIE BALL - 1440 - EARTHWOOD 80/20 BRONZE 40 - Corde de Guitare Acoustique - UnitÃ©,CEB 1440,Cordes Guitares & Basses,Cordes de Guitares Ã  lâUnitÃ©,749699000000.0,CEB 1440,Algam - Gaffarel,Ernie Ball,1.2,2,2.4
342,12931,ERNIE BALL - 1858 - EARTHWOOD PHOSPHOR BRONZE 58 - Corde de Guitare Acoustique - UnitÃ©,CEB 1858,Cordes Guitares & Basses,Cordes de Guitares Ã  lâUnitÃ©,749699000000.0,CEB 1858,Algam - Gaffarel,Ernie Ball,1.65,1,1.65
343,44771,ARGENTINE - 1041X - Corde Mandoline 1e Inox,1041X,Cordes Guitares & Basses,Cordes Mandolines,698503000000.0,CAR 1041X,Algam - Camac,Argentine,0.75,2,1.5
344,12905,ERNIE BALL - 1456 - EARTHWOOD 80/20 BRONZE 56 - Corde de Guitare Acoustique - UnitÃ©,CEB 1456,Cordes Guitares & Basses,Cordes de Guitares Ã  lâUnitÃ©,749699000000.0,CEB 1456,Algam - Gaffarel,Ernie Ball,1.3,1,1.3
345,12886,ERNIE BALL - 1422 - EARTHWOOD 80/20 BRONZE 22 - Corde de Guitare Acoustique - UnitÃ©,CEB 1422,Cordes Guitares & Basses,Cordes de Guitares Ã  lâUnitÃ©,749699000000.0,CEB 1422,Algam - Gaffarel,Ernie Ball,1.05,1,1.05
